Run,Assay Type,AvgSpotLen,Bases,BioProject,BioSample,BioSampleModel,Bytes,Center Name,Collection_Date,Consent,DATASTORE filetype,DATASTORE provider,DATASTORE region,Experiment,geo_loc_name_country,geo_loc_name_country_continent,geo_loc_name,Host,Instrument,lat_lon,Library Name,LibraryLayout,LibrarySelection,LibrarySource,Organism,Platform,ReleaseDate,create_date,version,Sample Name,SRA Study,Attribute,isolation_source
SRR8217595,AMPLICON,502,43612254,PRJNA445279,SAMN10450735,Metagenome or environmental,28205161,MCMASTER UNIVERSITY,2018-11,public,"fastq,run.zq,sra","gs,ncbi,s3","gs.us-east1,ncbi.public,s3.us-east-1",SRX5036166,Canada,North America,Canada: Hamilton,Mus musculus,Illumina MiSeq,43.25 N 75.87 W,EV325,PAIRED,PCR,METAGENOMIC,mouse gut metagenome,ILLUMINA,2018-11-20T00:00:00Z,2018-11-20T16:19:00Z,1,EV325,SRP136344,Biological replicate 18,
SRR8217596,AMPLICON,502,26938324,PRJNA445279,SAMN10450734,Metagenome or environmental,17597509,MCMASTER UNIVERSITY,2018-11,public,"fastq,run.zq,sra","gs,ncbi,s3","gs.us-east1,ncbi.public,s3.us-east-1",SRX5036165,Canada,North America,Canada: Hamilton,Mus musculus,Illumina MiSeq,43.25 N 75.87 W,EV324,PAIRED,PCR,METAGENOMIC,mouse gut metagenome,ILLUMINA,2018-11-20T00:00:00Z,2018-11-20T16:19:00Z,1,EV324,SRP136344,Biological replicate 17,
SRR8217597,AMPLICON,502,32984412,PRJNA445279,SAMN10450733,Metagenome or environmental,22810158,MCMASTER UNIVERSITY,2018-11,public,"fastq,run.zq,sra","gs,ncbi,s3","gs.us-east1,ncbi.public,s3.us-east-1",SRX5036164,Canada,North America,Canada: Hamilton,Mus musculus,Illumina MiSeq,43.25 N 75.87 W,EV323,PAIRED,PCR,METAGENOMIC,mouse gut metagenome,ILLUMINA,2018-11-20T00:00:00Z,2018-11-20T16:19:00Z,1,EV323,SRP136344,Biological replicate 16,
SRR8217598,AMPLICON,502,30409654,PRJNA445279,SAMN10450732,Metagenome or environmental,20949234,MCMASTER UNIVERSITY,2018-11,public,"fastq,run.zq,sra","gs,ncbi,s3","gs.us-east1,ncbi.public,s3.us-east-1",SRX5036163,Canada,North America,Canada: Hamilton,Mus musculus,Illumina MiSeq,43.25 N 75.87 W,EV322,PAIRED,PCR,METAGENOMIC,mouse gut metagenome,ILLUMINA,2018-11-20T00:00:00Z,2018-11-20T16:19:00Z,1,EV322,SRP136344,Biological replicate 15,
SRR8217599,AMPLICON,502,11925010,PRJNA445279,SAMN10450731,Metagenome or environmental,8256377,MCMASTER UNIVERSITY,2018-11,public,"fastq,run.zq,sra","gs,ncbi,s3","gs.us-east1,ncbi.public,s3.us-east-1",SRX5036162,Canada,North America,Canada: Hamilton,Mus musculus,Illumina MiSeq,43.25 N 75.87 W,EV321,PAIRED,PCR,METAGENOMIC,mouse gut metagenome,ILLUMINA,2018-11-20T00:00:00Z,2018-11-20T16:19:00Z,1,EV321,SRP136344,Biological replicate 14,
SRR8217600,AMPLICON,502,30332346,PRJNA445279,SAMN10450730,Metagenome or environmental,15524453,MCMASTER UNIVERSITY,2018-11,public,"fastq,run.zq,sra","gs,ncbi,s3","gs.us-east1,ncbi.public,s3.us-east-1",SRX5036161,Canada,North America,Canada: Hamilton,Mus musculus,Illumina MiSeq,43.25 N 75.87 W,EV429,PAIRED,PCR,METAGENOMIC,mouse gut metagenome,ILLUMINA,2018-11-20T00:00:00Z,2018-11-20T16:19:00Z,1,EV429,SRP136344,Biological replicate 13,
SRR8217601,AMPLICON,502,37964754,PRJNA445279,SAMN10450729,Metagenome or environmental,19549665,MCMASTER UNIVERSITY,2018-11,public,"fastq,run.zq,sra","gs,ncbi,s3","gs.us-east1,ncbi.public,s3.us-east-1",SRX5036160,Canada,North America,Canada: Hamilton,Mus musculus,Illumina MiSeq,43.25 N 75.87 W,EV428,PAIRED,PCR,METAGENOMIC,mouse gut metagenome,ILLUMINA,2018-11-20T00:00:00Z,2018-11-20T16:19:00Z,1,EV428,SRP136344,Biological replicate 12,
SRR8217602,AMPLICON,502,49104636,PRJNA445279,SAMN10450728,Metagenome or environmental,24848602,MCMASTER UNIVERSITY,2018-11,public,"fastq,run.zq,sra","gs,ncbi,s3","gs.us-east1,ncbi.public,s3.us-east-1",SRX5036159,Canada,North America,Canada: Hamilton,Mus musculus,Illumina MiSeq,43.25 N 75.87 W,EV427,PAIRED,PCR,METAGENOMIC,mouse gut metagenome,ILLUMINA,2018-11-20T00:00:00Z,2018-11-20T16:19:00Z,1,EV427,SRP136344,Biological replicate 11,
SRR8217603,AMPLICON,502,34144032,PRJNA445279,SAMN10450737,Metagenome or environmental,17970011,MCMASTER UNIVERSITY,2018-11,public,"fastq,run.zq,sra","gs,ncbi,s3","gs.us-east1,ncbi.public,s3.us-east-1",SRX5036158,Canada,North America,Canada: Hamilton,Mus musculus,Illumina MiSeq,43.25 N 75.87 W,EV431,PAIRED,PCR,METAGENOMIC,mouse gut metagenome,ILLUMINA,2018-11-20T00:00:00Z,2018-11-20T16:19:00Z,1,EV431,SRP136344,Biological replicate 20,
SRR8217604,AMPLICON,502,30679228,PRJNA445279,SAMN10450736,Metagenome or environmental,15648253,MCMASTER UNIVERSITY,2018-11,public,"fastq,run.zq,sra","gs,ncbi,s3","gs.us-east1,ncbi.public,s3.us-east-1",SRX5036157,Canada,North America,Canada: Hamilton,Mus musculus,Illumina MiSeq,43.25 N 75.87 W,EV430,PAIRED,PCR,METAGENOMIC,mouse gut metagenome,ILLUMINA,2018-11-20T00:00:00Z,2018-11-20T16:19:00Z,1,EV430,SRP136344,Biological replicate 19,
SRR8217605,AMPLICON,502,40346744,PRJNA445279,SAMN10450740,Metagenome or environmental,20431805,MCMASTER UNIVERSITY,2018-11,public,"fastq,run.zq,sra","gs,ncbi,s3","gs.us-east1,ncbi.public,s3.us-east-1",SRX5036156,Canada,North America,Canada: Hamilton,Mus musculus,Illumina MiSeq,43.25 N 75.87 W,EV434,PAIRED,PCR,METAGENOMIC,mouse gut metagenome,ILLUMINA,2018-11-20T00:00:00Z,2018-11-20T16:19:00Z,1,EV434,SRP136344,Biological replicate 23,
SRR8217606,AMPLICON,502,39597258,PRJNA445279,SAMN10450741,Metagenome or environmental,19984481,MCMASTER UNIVERSITY,2018-11,public,"fastq,run.zq,sra","gs,ncbi,s3","gs.us-east1,ncbi.public,s3.us-east-1",SRX5036155,Canada,North America,Canada: Hamilton,Mus musculus,Illumina MiSeq,43.25 N 75.87 W,EV435,PAIRED,PCR,METAGENOMIC,mouse gut metagenome,ILLUMINA,2018-11-20T00:00:00Z,2018-11-20T16:19:00Z,1,EV435,SRP136344,Biological replicate 24,
SRR8217607,AMPLICON,502,28856968,PRJNA445279,SAMN10450738,Metagenome or environmental,14706674,MCMASTER UNIVERSITY,2018-11,public,"fastq,run.zq,sra","gs,ncbi,s3","gs.us-east1,ncbi.public,s3.us-east-1",SRX5036154,Canada,North America,Canada: Hamilton,Mus musculus,Illumina MiSeq,43.25 N 75.87 W,EV432,PAIRED,PCR,METAGENOMIC,mouse gut metagenome,ILLUMINA,2018-11-20T00:00:00Z,2018-11-20T16:19:00Z,1,EV432,SRP136344,Biological replicate 21,
SRR8217608,AMPLICON,502,24088972,PRJNA445279,SAMN10450739,Metagenome or environmental,12403456,MCMASTER UNIVERSITY,2018-11,public,"fastq,run.zq,sra","gs,ncbi,s3","gs.us-east1,ncbi.public,s3.us-east-1",SRX5036153,Canada,North America,Canada: Hamilton,Mus musculus,Illumina MiSeq,43.25 N 75.87 W,EV433,PAIRED,PCR,METAGENOMIC,mouse gut metagenome,ILLUMINA,2018-11-20T00:00:00Z,2018-11-20T16:19:00Z,1,EV433,SRP136344,Biological replicate 22,
SRR8217609,AMPLICON,502,39787516,PRJNA445279,SAMN10450723,Metagenome or environmental,21201644,MCMASTER UNIVERSITY,2018-11,public,"fastq,run.zq,sra","gs,ncbi,s3","gs.us-east1,ncbi.public,s3.us-east-1",SRX5036152,Canada,North America,Canada: Hamilton,Mus musculus,Illumina MiSeq,43.25 N 75.87 W,EV422,PAIRED,PCR,METAGENOMIC,mouse gut metagenome,ILLUMINA,2018-11-20T00:00:00Z,2018-11-20T16:19:00Z,1,EV422,SRP136344,Biological replicate 6,
SRR8217610,AMPLICON,502,42194606,PRJNA445279,SAMN10450722,Metagenome or environmental,22249004,MCMASTER UNIVERSITY,2018-11,public,"fastq,run.zq,sra","gs,ncbi,s3","gs.us-east1,ncbi.public,s3.us-east-1",SRX5036151,Canada,North America,Canada: Hamilton,Mus musculus,Illumina MiSeq,43.25 N 75.87 W,EV421,PAIRED,PCR,METAGENOMIC,mouse gut metagenome,ILLUMINA,2018-11-20T00:00:00Z,2018-11-20T16:19:00Z,1,EV421,SRP136344,Biological replicate 5,
SRR8217611,AMPLICON,502,53711992,PRJNA445279,SAMN10450725,Metagenome or environmental,28067182,MCMASTER UNIVERSITY,2018-11,public,"fastq,run.zq,sra","gs,ncbi,s3","gs.us-east1,ncbi.public,s3.us-east-1",SRX5036150,Canada,North America,Canada: Hamilton,Mus musculus,Illumina MiSeq,43.25 N 75.87 W,EV424,PAIRED,PCR,METAGENOMIC,mouse gut metagenome,ILLUMINA,2018-11-20T00:00:00Z,2018-11-20T16:20:00Z,1,EV424,SRP136344,Biological replicate 8,
SRR8217612,AMPLICON,502,47146334,PRJNA445279,SAMN10450724,Metagenome or environmental,25137661,MCMASTER UNIVERSITY,2018-11,public,"fastq,run.zq,sra","gs,ncbi,s3","gs.us-east1,ncbi.public,s3.us-east-1",SRX5036149,Canada,North America,Canada: Hamilton,Mus musculus,Illumina MiSeq,43.25 N 75.87 W,EV423,PAIRED,PCR,METAGENOMIC,mouse gut metagenome,ILLUMINA,2018-11-20T00:00:00Z,2018-11-20T16:20:00Z,1,EV423,SRP136344,Biological replicate 7,
SRR8217613,AMPLICON,502,27169244,PRJNA445279,SAMN10450719,Metagenome or environmental,18039542,MCMASTER UNIVERSITY,2018-11,public,"fastq,run.zq,sra","gs,ncbi,s3","gs.us-east1,ncbi.public,s3.us-east-1",SRX5036148,Canada,North America,Canada: Hamilton,Mus musculus,Illumina MiSeq,43.25 N 75.87 W,EV316,PAIRED,PCR,METAGENOMIC,mouse gut metagenome,ILLUMINA,2018-11-20T00:00:00Z,2018-11-20T16:20:00Z,1,EV316,SRP136344,Biological replicate 2,
SRR8217614,AMPLICON,502,40409996,PRJNA445279,SAMN10450718,Metagenome or environmental,26207658,MCMASTER UNIVERSITY,2018-11,public,"fastq,run.zq,sra","gs,ncbi,s3","gs.us-east1,ncbi.public,s3.us-east-1",SRX5036147,Canada,North America,Canada: Hamilton,Mus musculus,Illumina MiSeq,43.25 N 75.87 W,EV315,PAIRED,PCR,METAGENOMIC,mouse gut metagenome,ILLUMINA,2018-11-20T00:00:00Z,2018-11-20T16:20:00Z,1,EV315,SRP136344,Biological replicate 1,
SRR8217615,AMPLICON,502,26584414,PRJNA445279,SAMN10450721,Metagenome or environmental,17126703,MCMASTER UNIVERSITY,2018-11,public,"fastq,run.zq,sra","gs,ncbi,s3","gs.us-east1,ncbi.public,s3.us-east-1",SRX5036146,Canada,North America,Canada: Hamilton,Mus musculus,Illumina MiSeq,43.25 N 75.87 W,EV319,PAIRED,PCR,METAGENOMIC,mouse gut metagenome,ILLUMINA,2018-11-20T00:00:00Z,2018-11-20T16:20:00Z,1,EV319,SRP136344,Biological replicate 4,
SRR8217616,AMPLICON,502,18335048,PRJNA445279,SAMN10450720,Metagenome or environmental,11882635,MCMASTER UNIVERSITY,2018-11,public,"fastq,run.zq,sra","gs,ncbi,s3","gs.us-east1,ncbi.public,s3.us-east-1",SRX5036145,Canada,North America,Canada: Hamilton,Mus musculus,Illumina MiSeq,43.25 N 75.87 W,EV318,PAIRED,PCR,METAGENOMIC,mouse gut metagenome,ILLUMINA,2018-11-20T00:00:00Z,2018-11-20T16:20:00Z,1,EV318,SRP136344,Biological replicate 3,
SRR8217617,AMPLICON,502,34428666,PRJNA445279,SAMN10450727,Metagenome or environmental,17769031,MCMASTER UNIVERSITY,2018-11,public,"fastq,run.zq,sra","gs,ncbi,s3","gs.us-east1,ncbi.public,s3.us-east-1",SRX5036144,Canada,North America,Canada: Hamilton,Mus musculus,Illumina MiSeq,43.25 N 75.87 W,EV426,PAIRED,PCR,METAGENOMIC,mouse gut metagenome,ILLUMINA,2018-11-20T00:00:00Z,2018-11-20T16:21:00Z,1,EV426,SRP136344,Biological replicate 10,
SRR8217618,AMPLICON,502,32546668,PRJNA445279,SAMN10450726,Metagenome or environmental,16662434,MCMASTER UNIVERSITY,2018-11,public,"fastq,run.zq,sra","gs,ncbi,s3","gs.us-east1,ncbi.public,s3.us-east-1",SRX5036143,Canada,North America,Canada: Hamilton,Mus musculus,Illumina MiSeq,43.25 N 75.87 W,EV425,PAIRED,PCR,METAGENOMIC,mouse gut metagenome,ILLUMINA,2018-11-20T00:00:00Z,2018-11-20T16:20:00Z,1,EV425,SRP136344,Biological replicate 9,
SRR7442256,AMPLICON,502,21749150,PRJNA445279,SAMN09500868,Metagenome or environmental,11379267,MCMASTER UNIVERSITY,missing,public,"fastq,run.zq,sra","gs,ncbi,s3","gs.us-east1,ncbi.public,s3.us-east-1",SRX4312875,Canada,North America,Canada: Hamilton,Homo sapiens,Illumina MiSeq,43.25 N 75.87 W,EV292,PAIRED,PCR,METAGENOMIC,human gut metagenome,ILLUMINA,2018-06-27T00:00:00Z,2018-06-27T13:03:00Z,1,EV292,SRP136344,,Duodenal sample 19
SRR7442257,AMPLICON,502,25074900,PRJNA445279,SAMN09500869,Metagenome or environmental,13526527,MCMASTER UNIVERSITY,missing,public,"fastq,run.zq,sra","gs,ncbi,s3","gs.us-east1,ncbi.public,s3.us-east-1",SRX4312874,Canada,North America,Canada: Hamilton,Homo sapiens,Illumina MiSeq,43.25 N 75.87 W,EV294,PAIRED,PCR,METAGENOMIC,human gut metagenome,ILLUMINA,2018-06-27T00:00:00Z,2018-06-27T13:03:00Z,1,EV294,SRP136344,,Duodenal sample 20
SRR7442258,AMPLICON,510,9852180,PRJNA445279,SAMN09500860,Metagenome or environmental,6668905,MCMASTER UNIVERSITY,missing,public,"fastq,run.zq,sra","gs,ncbi,s3","gs.us-east1,ncbi.public,s3.us-east-1",SRX4312873,Canada,North America,Canada: Hamilton,Homo sapiens,Illumina MiSeq,43.25 N 75.87 W,EV217,PAIRED,PCR,METAGENOMIC,human gut metagenome,ILLUMINA,2018-06-27T00:00:00Z,2018-06-27T13:03:00Z,1,EV217,SRP136344,,Duodenal sample 11
SRR7442259,AMPLICON,510,21093600,PRJNA445279,SAMN09500861,Metagenome or environmental,13985572,MCMASTER UNIVERSITY,missing,public,"fastq,run.zq,sra","gs,ncbi,s3","gs.us-east1,ncbi.public,s3.us-east-1",SRX4312872,Canada,North America,Canada: Hamilton,Homo sapiens,Illumina MiSeq,43.25 N 75.87 W,EV224,PAIRED,PCR,METAGENOMIC,human gut metagenome,ILLUMINA,2018-06-27T00:00:00Z,2018-06-27T13:03:00Z,1,EV224,SRP136344,,Duodenal sample 12
SRR7442260,AMPLICON,502,31175706,PRJNA445279,SAMN09500862,Metagenome or environmental,16230669,MCMASTER UNIVERSITY,missing,public,"fastq,run.zq,sra","gs,ncbi,s3","gs.us-east1,ncbi.public,s3.us-east-1",SRX4312871,Canada,North America,Canada: Hamilton,Homo sapiens,Illumina MiSeq,43.25 N 75.87 W,EV253,PAIRED,PCR,METAGENOMIC,human gut metagenome,ILLUMINA,2018-06-27T00:00:00Z,2018-06-27T13:03:00Z,1,EV253,SRP136344,,Duodenal sample 13
SRR7442261,AMPLICON,502,17167396,PRJNA445279,SAMN09500863,Metagenome or environmental,8909646,MCMASTER UNIVERSITY,missing,public,"fastq,run.zq,sra","gs,ncbi,s3","gs.us-east1,ncbi.public,s3.us-east-1",SRX4312870,Canada,North America,Canada: Hamilton,Homo sapiens,Illumina MiSeq,43.25 N 75.87 W,EV257,PAIRED,PCR,METAGENOMIC,human gut metagenome,ILLUMINA,2018-06-27T00:00:00Z,2018-06-27T13:03:00Z,1,EV257,SRP136344,,Duodenal sample 14
SRR7442262,AMPLICON,502,19092566,PRJNA445279,SAMN09500864,Metagenome or environmental,10289346,MCMASTER UNIVERSITY,missing,public,"fastq,run.zq,sra","gs,ncbi,s3","gs.us-east1,ncbi.public,s3.us-east-1",SRX4312869,Canada,North America,Canada: Hamilton,Homo sapiens,Illumina MiSeq,43.25 N 75.87 W,EV264,PAIRED,PCR,METAGENOMIC,human gut metagenome,ILLUMINA,2018-06-27T00:00:00Z,2018-06-27T13:03:00Z,1,EV264,SRP136344,,Duodenal sample 15
SRR7442263,AMPLICON,502,21376666,PRJNA445279,SAMN09500865,Metagenome or environmental,11826783,MCMASTER UNIVERSITY,missing,public,"fastq,run.zq,sra","gs,ncbi,s3","gs.us-east1,ncbi.public,s3.us-east-1",SRX4312868,Canada,North America,Canada: Hamilton,Homo sapiens,Illumina MiSeq,43.25 N 75.87 W,EV276,PAIRED,PCR,METAGENOMIC,human gut metagenome,ILLUMINA,2018-06-27T00:00:00Z,2018-06-27T13:03:00Z,1,EV276,SRP136344,,Duodenal sample 16
SRR7442264,AMPLICON,502,13426492,PRJNA445279,SAMN09500866,Metagenome or environmental,7893115,MCMASTER UNIVERSITY,missing,public,"fastq,run.zq,sra","gs,ncbi,s3","gs.us-east1,ncbi.public,s3.us-east-1",SRX4312867,Canada,North America,Canada: Hamilton,Homo sapiens,Illumina MiSeq,43.25 N 75.87 W,EV284,PAIRED,PCR,METAGENOMIC,human gut metagenome,ILLUMINA,2018-06-27T00:00:00Z,2018-06-27T13:03:00Z,1,EV284,SRP136344,,Duodenal sample 17
SRR7442265,AMPLICON,502,24613562,PRJNA445279,SAMN09500867,Metagenome or environmental,13344607,MCMASTER UNIVERSITY,missing,public,"fastq,run.zq,sra","gs,ncbi,s3","gs.us-east1,ncbi.public,s3.us-east-1",SRX4312866,Canada,North America,Canada: Hamilton,Homo sapiens,Illumina MiSeq,43.25 N 75.87 W,EV288,PAIRED,PCR,METAGENOMIC,human gut metagenome,ILLUMINA,2018-06-27T00:00:00Z,2018-06-27T13:03:00Z,1,EV288,SRP136344,,Duodenal sample 18
SRR7442266,AMPLICON,510,47427450,PRJNA445279,SAMN09500858,Metagenome or environmental,30192214,MCMASTER UNIVERSITY,missing,public,"fastq,run.zq,sra","gs,ncbi,s3","gs.us-east1,ncbi.public,s3.us-east-1",SRX4312865,Canada,North America,Canada: Hamilton,Homo sapiens,Illumina MiSeq,43.25 N 75.87 W,EV200,PAIRED,PCR,METAGENOMIC,human gut metagenome,ILLUMINA,2018-06-27T00:00:00Z,2018-06-27T13:03:00Z,1,EV200,SRP136344,,Duodenal sample 9
SRR7442267,AMPLICON,510,46595640,PRJNA445279,SAMN09500859,Metagenome or environmental,29325424,MCMASTER UNIVERSITY,missing,public,"run.zq,sra,fastq","gs,ncbi,s3","gs.us-east1,ncbi.public,s3.us-east-1",SRX4312864,Canada,North America,Canada: Hamilton,Homo sapiens,Illumina MiSeq,43.25 N 75.87 W,EV208,PAIRED,PCR,METAGENOMIC,human gut metagenome,ILLUMINA,2018-06-27T00:00:00Z,2018-06-27T13:03:00Z,1,EV208,SRP136344,,Duodenal sample 10
SRR7442268,AMPLICON,502,26076390,PRJNA445279,SAMN09500854,Metagenome or environmental,14055883,MCMASTER UNIVERSITY,missing,public,"fastq,run.zq,sra","gs,ncbi,s3","gs.us-east1,ncbi.public,s3.us-east-1",SRX4312863,Canada,North America,Canada: Hamilton,Homo sapiens,Illumina MiSeq,43.25 N 75.87 W,EV261,PAIRED,PCR,METAGENOMIC,human gut metagenome,ILLUMINA,2018-06-27T00:00:00Z,2018-06-27T13:03:00Z,1,EV261,SRP136344,,Duodenal sample 5
SRR7442269,AMPLICON,502,22360586,PRJNA445279,SAMN09500855,Metagenome or environmental,12173925,MCMASTER UNIVERSITY,missing,public,"fastq,run.zq,sra","gs,ncbi,s3","gs.us-east1,ncbi.public,s3.us-east-1",SRX4312862,Canada,North America,Canada: Hamilton,Homo sapiens,Illumina MiSeq,43.25 N 75.87 W,EV268,PAIRED,PCR,METAGENOMIC,human gut metagenome,ILLUMINA,2018-06-27T00:00:00Z,2018-06-27T13:03:00Z,1,EV268,SRP136344,,Duodenal sample 6
SRR7442270,AMPLICON,502,20023274,PRJNA445279,SAMN09500856,Metagenome or environmental,10706837,MCMASTER UNIVERSITY,missing,public,"fastq,run.zq,sra","gs,ncbi,s3","gs.us-east1,ncbi.public,s3.us-east-1",SRX4312861,Canada,North America,Canada: Hamilton,Homo sapiens,Illumina MiSeq,43.25 N 75.87 W,EV272,PAIRED,PCR,METAGENOMIC,human gut metagenome,ILLUMINA,2018-06-27T00:00:00Z,2018-06-27T13:03:00Z,1,EV272,SRP136344,,Duodenal sample 7
SRR7442271,AMPLICON,502,18596088,PRJNA445279,SAMN09500857,Metagenome or environmental,10418626,MCMASTER UNIVERSITY,missing,public,"fastq,run.zq,sra","gs,ncbi,s3","gs.us-east1,ncbi.public,s3.us-east-1",SRX4312860,Canada,North America,Canada: Hamilton,Homo sapiens,Illumina MiSeq,43.25 N 75.87 W,EV280,PAIRED,PCR,METAGENOMIC,human gut metagenome,ILLUMINA,2018-06-27T00:00:00Z,2018-06-27T13:03:00Z,1,EV280,SRP136344,,Duodenal sample 8
SRR7442272,AMPLICON,510,54186480,PRJNA445279,SAMN09500850,Metagenome or environmental,34517140,MCMASTER UNIVERSITY,missing,public,"fastq,run.zq,sra","gs,ncbi,s3","gs.us-east1,ncbi.public,s3.us-east-1",SRX4312859,Canada,North America,Canada: Hamilton,Homo sapiens,Illumina MiSeq,43.25 N 75.87 W,EV192,PAIRED,PCR,METAGENOMIC,human gut metagenome,ILLUMINA,2018-06-27T00:00:00Z,2018-06-27T13:03:00Z,1,EV192,SRP136344,,Duodenal sample 1
SRR7442273,AMPLICON,510,41612430,PRJNA445279,SAMN09500851,Metagenome or environmental,26255470,MCMASTER UNIVERSITY,missing,public,"fastq,run.zq,sra","gs,ncbi,s3","gs.us-east1,ncbi.public,s3.us-east-1",SRX4312858,Canada,North America,Canada: Hamilton,Homo sapiens,Illumina MiSeq,43.25 N 75.87 W,EV196,PAIRED,PCR,METAGENOMIC,human gut metagenome,ILLUMINA,2018-06-27T00:00:00Z,2018-06-27T13:03:00Z,1,EV196,SRP136344,,Duodenal sample 2
SRR7442274,AMPLICON,510,27354360,PRJNA445279,SAMN09500852,Metagenome or environmental,17805841,MCMASTER UNIVERSITY,missing,public,"fastq,run.zq,sra","gs,ncbi,s3","gs.us-east1,ncbi.public,s3.us-east-1",SRX4312857,Canada,North America,Canada: Hamilton,Homo sapiens,Illumina MiSeq,43.25 N 75.87 W,EV212,PAIRED,PCR,METAGENOMIC,human gut metagenome,ILLUMINA,2018-06-27T00:00:00Z,2018-06-27T13:03:00Z,1,EV212,SRP136344,,Duodenal sample 3
SRR7442275,AMPLICON,510,18095310,PRJNA445279,SAMN09500853,Metagenome or environmental,11785434,MCMASTER UNIVERSITY,missing,public,"fastq,run.zq,sra","gs,ncbi,s3","gs.us-east1,ncbi.public,s3.us-east-1",SRX4312856,Canada,North America,Canada: Hamilton,Homo sapiens,Illumina MiSeq,43.25 N 75.87 W,EV220,PAIRED,PCR,METAGENOMIC,human gut metagenome,ILLUMINA,2018-06-27T00:00:00Z,2018-06-27T13:03:00Z,1,EV220,SRP136344,,Duodenal sample 4
SRR6885528,AMPLICON,502,51419358,PRJNA445279,SAMN08774553,Metagenome or environmental,28060096,MCMASTER UNIVERSITY,2013-11/2018-01,public,"fastq,run.zq,sra","gs,ncbi,s3","gs.us-east1,ncbi.public,s3.us-east-1",SRX3837790,Canada,North America,Canada: Hamilton,Mus musculus,Illumina MiSeq,43.25 N 75.87 W,JM57.4,PAIRED,PCR,METAGENOMIC,mouse gut metagenome,ILLUMINA,2018-03-23T00:00:00Z,2018-03-23T12:52:00Z,1,JM57.4,SRP136344,Biological replicate 42,
SRR6885529,AMPLICON,502,39192144,PRJNA445279,SAMN08774552,Metagenome or environmental,22216800,MCMASTER UNIVERSITY,2013-11/2018-01,public,"fastq,run.zq,sra","gs,ncbi,s3","gs.us-east1,ncbi.public,s3.us-east-1",SRX3837789,Canada,North America,Canada: Hamilton,Mus musculus,Illumina MiSeq,43.25 N 75.87 W,JM57.3,PAIRED,PCR,METAGENOMIC,mouse gut metagenome,ILLUMINA,2018-03-23T00:00:00Z,2018-03-23T12:52:00Z,1,JM57.3,SRP136344,Biological replicate 41,
SRR6885530,AMPLICON,502,75928504,PRJNA445279,SAMN08774555,Metagenome or environmental,42809153,MCMASTER UNIVERSITY,2013-11/2018-01,public,"fastq,run.zq,sra","gs,ncbi,s3","gs.us-east1,ncbi.public,s3.us-east-1",SRX3837788,Canada,North America,Canada: Hamilton,Mus musculus,Illumina MiSeq,43.25 N 75.87 W,JM57.11,PAIRED,PCR,METAGENOMIC,mouse gut metagenome,ILLUMINA,2018-03-23T00:00:00Z,2018-03-23T12:52:00Z,1,JM57.11,SRP136344,Biological replicate 44,
SRR6885531,AMPLICON,502,76374782,PRJNA445279,SAMN08774554,Metagenome or environmental,42330816,MCMASTER UNIVERSITY,2013-11/2018-01,public,"fastq,run.zq,sra","gs,ncbi,s3","gs.us-east1,ncbi.public,s3.us-east-1",SRX3837787,Canada,North America,Canada: Hamilton,Mus musculus,Illumina MiSeq,43.25 N 75.87 W,JM57.10,PAIRED,PCR,METAGENOMIC,mouse gut metagenome,ILLUMINA,2018-03-23T00:00:00Z,2018-03-23T12:52:00Z,1,JM57.10,SRP136344,Biological replicate 43,
SRR6885532,AMPLICON,502,172124254,PRJNA445279,SAMN08774557,Metagenome or environmental,94411548,MCMASTER UNIVERSITY,2013-11/2018-01,public,"fastq,run.zq,sra","gs,ncbi,s3","gs.us-east1,ncbi.public,s3.us-east-1",SRX3837786,Canada,North America,Canada: Hamilton,Mus musculus,Illumina MiSeq,43.25 N 75.87 W,JM57.13,PAIRED,PCR,METAGENOMIC,mouse gut metagenome,ILLUMINA,2018-03-23T00:00:00Z,2018-03-23T12:52:00Z,1,JM57.13,SRP136344,Biological replicate 46,
SRR6885533,AMPLICON,502,57747570,PRJNA445279,SAMN08774559,Metagenome or environmental,29150076,MCMASTER UNIVERSITY,2013-11/2018-01,public,"fastq,run.zq,sra","gs,ncbi,s3","gs.us-east1,ncbi.public,s3.us-east-1",SRX3837784,Spain,Europe,Spain: Valencia,Homo sapiens,Illumina MiSeq,39.46 N 0.37 W,JM19.1,PAIRED,PCR,METAGENOMIC,human gut metagenome,ILLUMINA,2018-03-23T00:00:00Z,2018-03-23T12:52:00Z,1,JM19.1,SRP136344,Biological replicate 48,
SRR6885534,AMPLICON,502,64052690,PRJNA445279,SAMN08774558,Metagenome or environmental,36026688,MCMASTER UNIVERSITY,2013-11/2018-01,public,"fastq,run.zq,sra","gs,ncbi,s3","gs.us-east1,ncbi.public,s3.us-east-1",SRX3837783,Canada,North America,Canada: Hamilton,Mus musculus,Illumina MiSeq,43.25 N 75.87 W,JM57.14,PAIRED,PCR,METAGENOMIC,mouse gut metagenome,ILLUMINA,2018-03-23T00:00:00Z,2018-03-23T12:52:00Z,1,JM57.14,SRP136344,Biological replicate 47,
SRR6885535,AMPLICON,502,113067970,PRJNA445279,SAMN08774561,Metagenome or environmental,66895981,MCMASTER UNIVERSITY,2013-11/2018-01,public,"fastq,run.zq,sra","gs,ncbi,s3","gs.us-east1,ncbi.public,s3.us-east-1",SRX3837782,Spain,Europe,Spain: Valencia,Homo sapiens,Illumina MiSeq,39.46 N 0.37 W,JM50.14,PAIRED,PCR,METAGENOMIC,human gut metagenome,ILLUMINA,2018-03-23T00:00:00Z,2018-03-23T12:52:00Z,1,JM50.14,SRP136344,Biological replicate 50,
SRR6885536,AMPLICON,502,69496378,PRJNA445279,SAMN08774556,Metagenome or environmental,37809687,MCMASTER UNIVERSITY,2013-11/2018-01,public,"fastq,run.zq,sra","gs,ncbi,s3","gs.us-east1,ncbi.public,s3.us-east-1",SRX3837785,Canada,North America,Canada: Hamilton,Mus musculus,Illumina MiSeq,43.25 N 75.87 W,JM57.12,PAIRED,PCR,METAGENOMIC,mouse gut metagenome,ILLUMINA,2018-03-23T00:00:00Z,2018-03-23T12:52:00Z,1,JM57.12,SRP136344,Biological replicate 45,
SRR6885537,AMPLICON,502,45479694,PRJNA445279,SAMN08774560,Metagenome or environmental,23004450,MCMASTER UNIVERSITY,2013-11/2018-01,public,"fastq,run.zq,sra","gs,ncbi,s3","gs.us-east1,ncbi.public,s3.us-east-1",SRX3837781,Spain,Europe,Spain: Valencia,Homo sapiens,Illumina MiSeq,39.46 N 0.37 W,JM19.3,PAIRED,PCR,METAGENOMIC,human gut metagenome,ILLUMINA,2018-03-23T00:00:00Z,2018-03-23T12:52:00Z,1,JM19.3,SRP136344,Biological replicate 49,
SRR6885538,AMPLICON,502,67414082,PRJNA445279,SAMN08774570,Metagenome or environmental,36583977,MCMASTER UNIVERSITY,2013-11/2018-01,public,"fastq,run.zq,sra","gs,ncbi,s3","gs.us-east1,ncbi.public,s3.us-east-1",SRX3837780,Spain,Europe,Spain: Valencia,Homo sapiens,Illumina MiSeq,39.46 N 0.37 W,JM123.6,PAIRED,PCR,METAGENOMIC,human gut metagenome,ILLUMINA,2018-03-23T00:00:00Z,2018-03-23T12:52:00Z,1,JM123.6,SRP136344,Biological replicate 59,
SRR6885539,AMPLICON,502,58920744,PRJNA445279,SAMN08774572,Metagenome or environmental,31949721,MCMASTER UNIVERSITY,2013-11/2018-01,public,"fastq,run.zq,sra","gs,ncbi,s3","gs.us-east1,ncbi.public,s3.us-east-1",SRX3837779,Spain,Europe,Spain: Valencia,Homo sapiens,Illumina MiSeq,39.46 N 0.37 W,JM123.8,PAIRED,PCR,METAGENOMIC,human gut metagenome,ILLUMINA,2018-03-23T00:00:00Z,2018-03-23T12:52:00Z,1,JM123.8,SRP136344,Biological replicate 61,
SRR6885540,AMPLICON,502,54013694,PRJNA445279,SAMN08774539,Metagenome or environmental,27769105,MCMASTER UNIVERSITY,2013-11/2018-01,public,"fastq,run.zq,sra","gs,ncbi,s3","gs.us-east1,ncbi.public,s3.us-east-1",SRX3837778,Canada,North America,Canada: Hamilton,Mus musculus,Illumina MiSeq,43.25 N 75.87 W,Justin13,PAIRED,PCR,METAGENOMIC,mouse gut metagenome,ILLUMINA,2018-03-23T00:00:00Z,2018-03-23T12:52:00Z,1,Justin13,SRP136344,Biological replicate 28,
SRR6885541,AMPLICON,502,62808232,PRJNA445279,SAMN08774537,Metagenome or environmental,36466570,MCMASTER UNIVERSITY,2013-11/2018-01,public,"fastq,run.zq,sra","gs,ncbi,s3","gs.us-east1,ncbi.public,s3.us-east-1",SRX3837776,Canada,North America,Canada: Hamilton,Mus musculus,Illumina MiSeq,43.25 N 75.87 W,EV242,PAIRED,PCR,METAGENOMIC,mouse gut metagenome,ILLUMINA,2018-03-23T00:00:00Z,2018-03-23T12:53:00Z,1,EV242,SRP136344,Biological replicate 26,
SRR6885542,AMPLICON,502,68527518,PRJNA445279,SAMN08774536,Metagenome or environmental,40888485,MCMASTER UNIVERSITY,2013-11/2018-01,public,"fastq,run.zq,sra","gs,ncbi,s3","gs.us-east1,ncbi.public,s3.us-east-1",SRX3837775,Canada,North America,Canada: Hamilton,Mus musculus,Illumina MiSeq,43.25 N 75.87 W,EV241,PAIRED,PCR,METAGENOMIC,mouse gut metagenome,ILLUMINA,2018-03-23T00:00:00Z,2018-03-23T12:52:00Z,1,EV241,SRP136344,Biological replicate 25,
SRR6885543,AMPLICON,502,86357052,PRJNA445279,SAMN08774535,Metagenome or environmental,51039471,MCMASTER UNIVERSITY,2013-11/2018-01,public,"fastq,run.zq,sra","gs,ncbi,s3","gs.us-east1,ncbi.public,s3.us-east-1",SRX3837774,Canada,North America,Canada: Hamilton,Mus musculus,Illumina MiSeq,43.25 N 75.87 W,EV240,PAIRED,PCR,METAGENOMIC,mouse gut metagenome,ILLUMINA,2018-03-23T00:00:00Z,2018-03-23T12:52:00Z,1,EV240,SRP136344,Biological replicate 24,
SRR6885544,AMPLICON,502,56349500,PRJNA445279,SAMN08774538,Metagenome or environmental,33139600,MCMASTER UNIVERSITY,2013-11/2018-01,public,"fastq,run.zq,sra","gs,ncbi,s3","gs.us-east1,ncbi.public,s3.us-east-1",SRX3837777,Canada,North America,Canada: Hamilton,Mus musculus,Illumina MiSeq,43.25 N 75.87 W,EV243,PAIRED,PCR,METAGENOMIC,mouse gut metagenome,ILLUMINA,2018-03-23T00:00:00Z,2018-03-23T12:52:00Z,1,EV243,SRP136344,Biological replicate 27,
SRR6885545,AMPLICON,502,53872130,PRJNA445279,SAMN08774534,Metagenome or environmental,33575429,MCMASTER UNIVERSITY,2013-11/2018-01,public,"fastq,run.zq,sra","gs,ncbi,s3","gs.us-east1,ncbi.public,s3.us-east-1",SRX3837773,Canada,North America,Canada: Hamilton,Mus musculus,Illumina MiSeq,43.25 N 75.87 W,EV239,PAIRED,PCR,METAGENOMIC,mouse gut metagenome,ILLUMINA,2018-03-23T00:00:00Z,2018-03-23T12:52:00Z,1,EV239,SRP136344,Biological replicate 23,
SRR6885546,AMPLICON,502,36336768,PRJNA445279,SAMN08774533,Metagenome or environmental,22295377,MCMASTER UNIVERSITY,2013-11/2018-01,public,"fastq,run.zq,sra","gs,ncbi,s3","gs.us-east1,ncbi.public,s3.us-east-1",SRX3837772,Canada,North America,Canada: Hamilton,Mus musculus,Illumina MiSeq,43.25 N 75.87 W,EV238,PAIRED,PCR,METAGENOMIC,mouse gut metagenome,ILLUMINA,2018-03-23T00:00:00Z,2018-03-23T12:52:00Z,1,EV238,SRP136344,Biological replicate 22,
SRR6885547,AMPLICON,502,70322670,PRJNA445279,SAMN08774532,Metagenome or environmental,42556205,MCMASTER UNIVERSITY,2013-11/2018-01,public,"fastq,run.zq,sra","gs,ncbi,s3","gs.us-east1,ncbi.public,s3.us-east-1",SRX3837771,Canada,North America,Canada: Hamilton,Mus musculus,Illumina MiSeq,43.25 N 75.87 W,EV237,PAIRED,PCR,METAGENOMIC,mouse gut metagenome,ILLUMINA,2018-03-23T00:00:00Z,2018-03-23T12:53:00Z,1,EV237,SRP136344,Biological replicate 21,
SRR6885548,AMPLICON,502,51449478,PRJNA445279,SAMN08774541,Metagenome or environmental,26451466,MCMASTER UNIVERSITY,2013-11/2018-01,public,"fastq,run.zq,sra","gs,ncbi,s3","gs.us-east1,ncbi.public,s3.us-east-1",SRX3837770,Canada,North America,Canada: Hamilton,Mus musculus,Illumina MiSeq,43.25 N 75.87 W,Justin15,PAIRED,PCR,METAGENOMIC,mouse gut metagenome,ILLUMINA,2018-03-23T00:00:00Z,2018-03-23T12:53:00Z,1,Justin15,SRP136344,Biological replicate 30,
SRR6885549,AMPLICON,502,40359294,PRJNA445279,SAMN08774540,Metagenome or environmental,20464813,MCMASTER UNIVERSITY,2013-11/2018-01,public,"fastq,run.zq,sra","gs,ncbi,s3","gs.us-east1,ncbi.public,s3.us-east-1",SRX3837769,Canada,North America,Canada: Hamilton,Mus musculus,Illumina MiSeq,43.25 N 75.87 W,Justin14,PAIRED,PCR,METAGENOMIC,mouse gut metagenome,ILLUMINA,2018-03-23T00:00:00Z,2018-03-23T12:53:00Z,1,Justin14,SRP136344,Biological replicate 29,
SRR6885550,AMPLICON,502,62411150,PRJNA445279,SAMN08774573,Metagenome or environmental,33856967,MCMASTER UNIVERSITY,2013-11/2018-01,public,"fastq,run.zq,sra","gs,ncbi,s3","gs.us-east1,ncbi.public,s3.us-east-1",SRX3837768,Spain,Europe,Spain: Valencia,Homo sapiens,Illumina MiSeq,39.46 N 0.37 W,JM123.9,PAIRED,PCR,METAGENOMIC,human gut metagenome,ILLUMINA,2018-03-23T00:00:00Z,2018-03-23T12:53:00Z,1,JM123.9,SRP136344,Biological replicate 62,
SRR6885551,AMPLICON,502,74297506,PRJNA445279,SAMN08774566,Metagenome or environmental,40464212,MCMASTER UNIVERSITY,2013-11/2018-01,public,"fastq,run.zq,sra","gs,ncbi,s3","gs.us-east1,ncbi.public,s3.us-east-1",SRX3837767,Spain,Europe,Spain: Valencia,Homo sapiens,Illumina MiSeq,39.46 N 0.37 W,JM123.1,PAIRED,PCR,METAGENOMIC,human gut metagenome,ILLUMINA,2018-03-23T00:00:00Z,2018-03-23T12:53:00Z,1,JM123.1,SRP136344,Biological replicate 55,
SRR6885552,AMPLICON,502,63394568,PRJNA445279,SAMN08774567,Metagenome or environmental,32115519,MCMASTER UNIVERSITY,2013-11/2018-01,public,"fastq,run.zq,sra","gs,ncbi,s3","gs.us-east1,ncbi.public,s3.us-east-1",SRX3837766,Spain,Europe,Spain: Valencia,Homo sapiens,Illumina MiSeq,39.46 N 0.37 W,JM19.4,PAIRED,PCR,METAGENOMIC,human gut metagenome,ILLUMINA,2018-03-23T00:00:00Z,2018-03-23T12:53:00Z,1,JM19.4,SRP136344,Biological replicate 56,
SRR6885553,AMPLICON,502,76391348,PRJNA445279,SAMN08774571,Metagenome or environmental,41585233,MCMASTER UNIVERSITY,2013-11/2018-01,public,"fastq,run.zq,sra","gs,ncbi,s3","gs.us-east1,ncbi.public,s3.us-east-1",SRX3837765,Spain,Europe,Spain: Valencia,Homo sapiens,Illumina MiSeq,39.46 N 0.37 W,JM123.7,PAIRED,PCR,METAGENOMIC,human gut metagenome,ILLUMINA,2018-03-23T00:00:00Z,2018-03-23T12:53:00Z,1,JM123.7,SRP136344,Biological replicate 60,
SRR6885554,AMPLICON,502,49157346,PRJNA445279,SAMN08774564,Metagenome or environmental,26785253,MCMASTER UNIVERSITY,2013-11/2018-01,public,"fastq,run.zq,sra","gs,ncbi,s3","gs.us-east1,ncbi.public,s3.us-east-1",SRX3837764,Spain,Europe,Spain: Valencia,Homo sapiens,Illumina MiSeq,39.46 N 0.37 W,JM123.3,PAIRED,PCR,METAGENOMIC,human gut metagenome,ILLUMINA,2018-03-23T00:00:00Z,2018-03-23T12:53:00Z,1,JM123.3,SRP136344,Biological replicate 53,
SRR6885555,AMPLICON,502,58997048,PRJNA445279,SAMN08774565,Metagenome or environmental,31727787,MCMASTER UNIVERSITY,2013-11/2018-01,public,"fastq,run.zq,sra","gs,ncbi,s3","gs.us-east1,ncbi.public,s3.us-east-1",SRX3837763,Spain,Europe,Spain: Valencia,Homo sapiens,Illumina MiSeq,39.46 N 0.37 W,JM123.4,PAIRED,PCR,METAGENOMIC,human gut metagenome,ILLUMINA,2018-03-23T00:00:00Z,2018-03-23T12:53:00Z,1,JM123.4,SRP136344,Biological replicate 54,
SRR6885556,AMPLICON,502,81973588,PRJNA445279,SAMN08774562,Metagenome or environmental,44353393,MCMASTER UNIVERSITY,2013-11/2018-01,public,"fastq,run.zq,sra","gs,ncbi,s3","gs.us-east1,ncbi.public,s3.us-east-1",SRX3837762,Spain,Europe,Spain: Valencia,Homo sapiens,Illumina MiSeq,39.46 N 0.37 W,JM123.5,PAIRED,PCR,METAGENOMIC,human gut metagenome,ILLUMINA,2018-03-23T00:00:00Z,2018-03-23T12:53:00Z,1,JM123.5,SRP136344,Biological replicate 51,
SRR6885557,AMPLICON,502,78742716,PRJNA445279,SAMN08774563,Metagenome or environmental,42680875,MCMASTER UNIVERSITY,2013-11/2018-01,public,"fastq,run.zq,sra","gs,ncbi,s3","gs.us-east1,ncbi.public,s3.us-east-1",SRX3837761,Spain,Europe,Spain: Valencia,Homo sapiens,Illumina MiSeq,39.46 N 0.37 W,JM123.2,PAIRED,PCR,METAGENOMIC,human gut metagenome,ILLUMINA,2018-03-23T00:00:00Z,2018-03-23T12:53:00Z,1,JM123.2,SRP136344,Biological replicate 52,
SRR6885558,AMPLICON,502,51438936,PRJNA445279,SAMN08774568,Metagenome or environmental,27222476,MCMASTER UNIVERSITY,2013-11/2018-01,public,"fastq,run.zq,sra","gs,ncbi,s3","gs.us-east1,ncbi.public,s3.us-east-1",SRX3837760,Spain,Europe,Spain: Valencia,Homo sapiens,Illumina MiSeq,39.46 N 0.37 W,JM19.5,PAIRED,PCR,METAGENOMIC,human gut metagenome,ILLUMINA,2018-03-23T00:00:00Z,2018-03-23T12:53:00Z,1,JM19.5,SRP136344,Biological replicate 57,
SRR6885559,AMPLICON,502,55958944,PRJNA445279,SAMN08774569,Metagenome or environmental,30412011,MCMASTER UNIVERSITY,2013-11/2018-01,public,"fastq,run.zq,sra","gs,ncbi,s3","gs.us-east1,ncbi.public,s3.us-east-1",SRX3837759,Spain,Europe,Spain: Valencia,Homo sapiens,Illumina MiSeq,39.46 N 0.37 W,JM123.10,PAIRED,PCR,METAGENOMIC,human gut metagenome,ILLUMINA,2018-03-23T00:00:00Z,2018-03-23T12:53:00Z,1,JM123.10,SRP136344,Biological replicate 58,
SRR6885560,AMPLICON,502,34541616,PRJNA445279,SAMN08774530,Metagenome or environmental,20328263,MCMASTER UNIVERSITY,2013-11/2018-01,public,"fastq,run.zq,sra","gs,ncbi,s3","gs.us-east1,ncbi.public,s3.us-east-1",SRX3837758,Canada,North America,Canada: Hamilton,Mus musculus,Illumina MiSeq,43.25 N 75.87 W,EV235,PAIRED,PCR,METAGENOMIC,mouse gut metagenome,ILLUMINA,2018-03-23T00:00:00Z,2018-03-23T12:53:00Z,1,EV235,SRP136344,Biological replicate 19,
SRR6885561,AMPLICON,502,39232806,PRJNA445279,SAMN08774531,Metagenome or environmental,24623011,MCMASTER UNIVERSITY,2013-11/2018-01,public,"fastq,run.zq,sra","gs,ncbi,s3","gs.us-east1,ncbi.public,s3.us-east-1",SRX3837757,Canada,North America,Canada: Hamilton,Mus musculus,Illumina MiSeq,43.25 N 75.87 W,EV236,PAIRED,PCR,METAGENOMIC,mouse gut metagenome,ILLUMINA,2018-03-23T00:00:00Z,2018-03-23T12:53:00Z,1,EV236,SRP136344,Biological replicate 20,
SRR6885562,AMPLICON,502,47084086,PRJNA445279,SAMN08774528,Metagenome or environmental,27716007,MCMASTER UNIVERSITY,2013-11/2018-01,public,"fastq,run.zq,sra","gs,ncbi,s3","gs.us-east1,ncbi.public,s3.us-east-1",SRX3837756,Canada,North America,Canada: Hamilton,Mus musculus,Illumina MiSeq,43.25 N 75.87 W,EV233,PAIRED,PCR,METAGENOMIC,mouse gut metagenome,ILLUMINA,2018-03-23T00:00:00Z,2018-03-23T12:53:00Z,1,EV233,SRP136344,Biological replicate 17,
SRR6885563,AMPLICON,502,53337500,PRJNA445279,SAMN08774529,Metagenome or environmental,31301518,MCMASTER UNIVERSITY,2013-11/2018-01,public,"fastq,run.zq,sra","gs,ncbi,s3","gs.us-east1,ncbi.public,s3.us-east-1",SRX3837755,Canada,North America,Canada: Hamilton,Mus musculus,Illumina MiSeq,43.25 N 75.87 W,EV234,PAIRED,PCR,METAGENOMIC,mouse gut metagenome,ILLUMINA,2018-03-23T00:00:00Z,2018-03-23T12:53:00Z,1,EV234,SRP136344,Biological replicate 18,
SRR6885564,AMPLICON,502,14852172,PRJNA445279,SAMN08774526,Metagenome or environmental,8145687,MCMASTER UNIVERSITY,2013-11/2018-01,public,"fastq,run.zq,sra","gs,ncbi,s3","gs.us-east1,ncbi.public,s3.us-east-1",SRX3837754,Canada,North America,Canada: Hamilton,Mus musculus,Illumina MiSeq,43.25 N 75.87 W,AC159.7,PAIRED,PCR,METAGENOMIC,mouse gut metagenome,ILLUMINA,2018-03-23T00:00:00Z,2018-03-23T12:53:00Z,1,AC159.7,SRP136344,Biological replicate 15,
SRR6885565,AMPLICON,502,13970158,PRJNA445279,SAMN08774527,Metagenome or environmental,7791518,MCMASTER UNIVERSITY,2013-11/2018-01,public,"fastq,run.zq,sra","gs,ncbi,s3","gs.us-east1,ncbi.public,s3.us-east-1",SRX3837753,Canada,North America,Canada: Hamilton,Mus musculus,Illumina MiSeq,43.25 N 75.87 W,AC159.8,PAIRED,PCR,METAGENOMIC,mouse gut metagenome,ILLUMINA,2018-03-23T00:00:00Z,2018-03-23T12:53:00Z,1,AC159.8,SRP136344,Biological replicate 16,
SRR6885566,AMPLICON,502,55999606,PRJNA445279,SAMN08774524,Metagenome or environmental,32790261,MCMASTER UNIVERSITY,2013-11/2018-01,public,"fastq,run.zq,sra","gs,ncbi,s3","gs.us-east1,ncbi.public,s3.us-east-1",SRX3837752,Canada,North America,Canada: Hamilton,Mus musculus,Illumina MiSeq,43.25 N 75.87 W,EV231,PAIRED,PCR,METAGENOMIC,mouse gut metagenome,ILLUMINA,2018-03-23T00:00:00Z,2018-03-23T12:53:00Z,1,EV231,SRP136344,Biological replicate 13,
SRR6885567,AMPLICON,502,43005838,PRJNA445279,SAMN08774525,Metagenome or environmental,25247290,MCMASTER UNIVERSITY,2013-11/2018-01,public,"fastq,run.zq,sra","gs,ncbi,s3","gs.us-east1,ncbi.public,s3.us-east-1",SRX3837751,Canada,North America,Canada: Hamilton,Mus musculus,Illumina MiSeq,43.25 N 75.87 W,EV232,PAIRED,PCR,METAGENOMIC,mouse gut metagenome,ILLUMINA,2018-03-23T00:00:00Z,2018-03-23T12:54:00Z,1,EV232,SRP136344,Biological replicate 14,
SRR6885568,AMPLICON,502,13729700,PRJNA445279,SAMN08774522,Metagenome or environmental,7743675,MCMASTER UNIVERSITY,2013-11/2018-01,public,"fastq,run.zq,sra","gs,ncbi,s3","gs.us-east1,ncbi.public,s3.us-east-1",SRX3837750,Canada,North America,Canada: Hamilton,Mus musculus,Illumina MiSeq,43.25 N 75.87 W,AC159.5,PAIRED,PCR,METAGENOMIC,mouse gut metagenome,ILLUMINA,2018-03-23T00:00:00Z,2018-03-23T12:53:00Z,1,AC159.5,SRP136344,Biological replicate 11,
SRR6885569,AMPLICON,502,44508324,PRJNA445279,SAMN08774542,Metagenome or environmental,24375271,MCMASTER UNIVERSITY,2013-11/2018-01,public,"fastq,run.zq,sra","gs,ncbi,s3","gs.us-east1,ncbi.public,s3.us-east-1",SRX3837748,Canada,North America,Canada: Hamilton,Mus musculus,Illumina MiSeq,43.25 N 75.87 W,JM57.1,PAIRED,PCR,METAGENOMIC,mouse gut metagenome,ILLUMINA,2018-03-23T00:00:00Z,2018-03-23T12:53:00Z,1,JM57.1,SRP136344,Biological replicate 31,
SRR6885570,AMPLICON,502,47424442,PRJNA445279,SAMN08774543,Metagenome or environmental,26343334,MCMASTER UNIVERSITY,2013-11/2018-01,public,"fastq,run.zq,sra","gs,ncbi,s3","gs.us-east1,ncbi.public,s3.us-east-1",SRX3837747,Canada,North America,Canada: Hamilton,Mus musculus,Illumina MiSeq,43.25 N 75.87 W,JM57.2,PAIRED,PCR,METAGENOMIC,mouse gut metagenome,ILLUMINA,2018-03-23T00:00:00Z,2018-03-23T12:53:00Z,1,JM57.2,SRP136344,Biological replicate 32,
SRR6885571,AMPLICON,502,45706598,PRJNA445279,SAMN08774544,Metagenome or environmental,26151007,MCMASTER UNIVERSITY,2013-11/2018-01,public,"fastq,run.zq,sra","gs,ncbi,s3","gs.us-east1,ncbi.public,s3.us-east-1",SRX3837746,Canada,North America,Canada: Hamilton,Mus musculus,Illumina MiSeq,43.25 N 75.87 W,JM57.5,PAIRED,PCR,METAGENOMIC,mouse gut metagenome,ILLUMINA,2018-03-23T00:00:00Z,2018-03-23T12:53:00Z,1,JM57.5,SRP136344,Biological replicate 33,
SRR6885572,AMPLICON,502,9937090,PRJNA445279,SAMN08774523,Metagenome or environmental,5549658,MCMASTER UNIVERSITY,2013-11/2018-01,public,"fastq,run.zq,sra","gs,ncbi,s3","gs.us-east1,ncbi.public,s3.us-east-1",SRX3837749,Canada,North America,Canada: Hamilton,Mus musculus,Illumina MiSeq,43.25 N 75.87 W,AC159.6,PAIRED,PCR,METAGENOMIC,mouse gut metagenome,ILLUMINA,2018-03-23T00:00:00Z,2018-03-23T12:53:00Z,1,AC159.6,SRP136344,Biological replicate 12,
SRR6885573,AMPLICON,502,65542124,PRJNA445279,SAMN08774545,Metagenome or environmental,36533804,MCMASTER UNIVERSITY,2013-11/2018-01,public,"fastq,run.zq,sra","gs,ncbi,s3","gs.us-east1,ncbi.public,s3.us-east-1",SRX3837745,Canada,North America,Canada: Hamilton,Mus musculus,Illumina MiSeq,43.25 N 75.87 W,JM57.6,PAIRED,PCR,METAGENOMIC,mouse gut metagenome,ILLUMINA,2018-03-23T00:00:00Z,2018-03-23T12:53:00Z,1,JM57.6,SRP136344,Biological replicate 34,
SRR6885574,AMPLICON,502,47748734,PRJNA445279,SAMN08774546,Metagenome or environmental,26286832,MCMASTER UNIVERSITY,2013-11/2018-01,public,"fastq,run.zq,sra","gs,ncbi,s3","gs.us-east1,ncbi.public,s3.us-east-1",SRX3837744,Canada,North America,Canada: Hamilton,Mus musculus,Illumina MiSeq,43.25 N 75.87 W,JM57.7,PAIRED,PCR,METAGENOMIC,mouse gut metagenome,ILLUMINA,2018-03-23T00:00:00Z,2018-03-23T12:53:00Z,1,JM57.7,SRP136344,Biological replicate 35,
SRR6885575,AMPLICON,502,62923190,PRJNA445279,SAMN08774547,Metagenome or environmental,35018911,MCMASTER UNIVERSITY,2013-11/2018-01,public,"fastq,run.zq,sra","gs,ncbi,s3","gs.us-east1,ncbi.public,s3.us-east-1",SRX3837743,Canada,North America,Canada: Hamilton,Mus musculus,Illumina MiSeq,43.25 N 75.87 W,JM57.8,PAIRED,PCR,METAGENOMIC,mouse gut metagenome,ILLUMINA,2018-03-23T00:00:00Z,2018-03-23T12:53:00Z,1,JM57.8,SRP136344,Biological replicate 36,
SRR6885576,AMPLICON,502,76443054,PRJNA445279,SAMN08774548,Metagenome or environmental,42558958,MCMASTER UNIVERSITY,2013-11/2018-01,public,"fastq,run.zq,sra","gs,ncbi,s3","gs.us-east1,ncbi.public,s3.us-east-1",SRX3837742,Canada,North America,Canada: Hamilton,Mus musculus,Illumina MiSeq,43.25 N 75.87 W,JM57.9,PAIRED,PCR,METAGENOMIC,mouse gut metagenome,ILLUMINA,2018-03-23T00:00:00Z,2018-03-23T12:53:00Z,1,JM57.9,SRP136344,Biological replicate 37,
SRR6885577,AMPLICON,502,51437430,PRJNA445279,SAMN08774549,Metagenome or environmental,27398639,MCMASTER UNIVERSITY,2013-11/2018-01,public,"fastq,run.zq,sra","gs,ncbi,s3","gs.us-east1,ncbi.public,s3.us-east-1",SRX3837741,Canada,North America,Canada: Hamilton,Mus musculus,Illumina MiSeq,43.25 N 75.87 W,Justin19,PAIRED,PCR,METAGENOMIC,mouse gut metagenome,ILLUMINA,2018-03-23T00:00:00Z,2018-03-23T12:53:00Z,1,Justin19,SRP136344,Biological replicate 38,
SRR6885578,AMPLICON,502,29394610,PRJNA445279,SAMN08774550,Metagenome or environmental,15737870,MCMASTER UNIVERSITY,2013-11/2018-01,public,"fastq,run.zq,sra","gs,ncbi,s3","gs.us-east1,ncbi.public,s3.us-east-1",SRX3837740,Canada,North America,Canada: Hamilton,Mus musculus,Illumina MiSeq,43.25 N 75.87 W,Justin20,PAIRED,PCR,METAGENOMIC,mouse gut metagenome,ILLUMINA,2018-03-23T00:00:00Z,2018-03-23T12:53:00Z,1,Justin20,SRP136344,Biological replicate 39,
SRR6885579,AMPLICON,502,27868028,PRJNA445279,SAMN08774551,Metagenome or environmental,14423107,MCMASTER UNIVERSITY,2013-11/2018-01,public,"fastq,run.zq,sra","gs,ncbi,s3","gs.us-east1,ncbi.public,s3.us-east-1",SRX3837739,Canada,North America,Canada: Hamilton,Mus musculus,Illumina MiSeq,43.25 N 75.87 W,Justin21,PAIRED,PCR,METAGENOMIC,mouse gut metagenome,ILLUMINA,2018-03-23T00:00:00Z,2018-03-23T12:53:00Z,1,Justin21,SRP136344,Biological replicate 40,
SRR6885580,AMPLICON,502,26666742,PRJNA445279,SAMN08774518,Metagenome or environmental,14801469,MCMASTER UNIVERSITY,2013-11/2018-01,public,"fastq,run.zq,sra","gs,ncbi,s3","gs.us-east1,ncbi.public,s3.us-east-1",SRX3837738,Canada,North America,Canada: Hamilton,Mus musculus,Illumina MiSeq,43.25 N 75.87 W,AC159.4,PAIRED,PCR,METAGENOMIC,mouse gut metagenome,ILLUMINA,2018-03-23T00:00:00Z,2018-03-23T12:54:00Z,1,AC159.4,SRP136344,Biological replicate 7,
SRR6885581,AMPLICON,502,27952364,PRJNA445279,SAMN08774519,Metagenome or environmental,15393097,MCMASTER UNIVERSITY,2013-11/2018-01,public,"fastq,run.zq,sra","gs,ncbi,s3","gs.us-east1,ncbi.public,s3.us-east-1",SRX3837737,Canada,North America,Canada: Hamilton,Mus musculus,Illumina MiSeq,43.25 N 75.87 W,AC159.10,PAIRED,PCR,METAGENOMIC,mouse gut metagenome,ILLUMINA,2018-03-23T00:00:00Z,2018-03-23T12:53:00Z,1,AC159.10,SRP136344,Biological replicate 8,
SRR6885582,AMPLICON,502,22616104,PRJNA445279,SAMN08774517,Metagenome or environmental,12948831,MCMASTER UNIVERSITY,2013-11/2018-01,public,"fastq,run.zq,sra","gs,ncbi,s3","gs.us-east1,ncbi.public,s3.us-east-1",SRX3837735,Canada,North America,Canada: Hamilton,Mus musculus,Illumina MiSeq,43.25 N 75.87 W,AC159.3,PAIRED,PCR,METAGENOMIC,mouse gut metagenome,ILLUMINA,2018-03-23T00:00:00Z,2018-03-23T12:53:00Z,1,AC159.3,SRP136344,Biological replicate 6,
SRR6885583,AMPLICON,502,22783270,PRJNA445279,SAMN08774514,Metagenome or environmental,12541668,MCMASTER UNIVERSITY,2013-11/2018-01,public,"fastq,run.zq,sra","gs,ncbi,s3","gs.us-east1,ncbi.public,s3.us-east-1",SRX3837734,Canada,North America,Canada: Hamilton,Mus musculus,Illumina MiSeq,43.25 N 75.87 W,AC159.9,PAIRED,PCR,METAGENOMIC,mouse gut metagenome,ILLUMINA,2018-03-23T00:00:00Z,2018-03-23T12:54:00Z,1,AC159.9,SRP136344,Biological replicate 3,
SRR6885584,AMPLICON,502,48791388,PRJNA445279,SAMN08774515,Metagenome or environmental,28729804,MCMASTER UNIVERSITY,2013-11/2018-01,public,"fastq,run.zq,sra","gs,ncbi,s3","gs.us-east1,ncbi.public,s3.us-east-1",SRX3837733,Canada,North America,Canada: Hamilton,Mus musculus,Illumina MiSeq,43.25 N 75.87 W,EV227,PAIRED,PCR,METAGENOMIC,mouse gut metagenome,ILLUMINA,2018-03-23T00:00:00Z,2018-03-23T12:54:00Z,1,EV227,SRP136344,Biological replicate 4,
SRR6885585,AMPLICON,502,43381836,PRJNA445279,SAMN08774516,Metagenome or environmental,26303122,MCMASTER UNIVERSITY,2013-11/2018-01,public,"fastq,run.zq,sra","gs,ncbi,s3","gs.us-east1,ncbi.public,s3.us-east-1",SRX3837736,Canada,North America,Canada: Hamilton,Mus musculus,Illumina MiSeq,43.25 N 75.87 W,EV228,PAIRED,PCR,METAGENOMIC,mouse gut metagenome,ILLUMINA,2018-03-23T00:00:00Z,2018-03-23T12:54:00Z,1,EV228,SRP136344,Biological replicate 5,
SRR6885586,AMPLICON,502,24134654,PRJNA445279,SAMN08774512,Metagenome or environmental,13363933,MCMASTER UNIVERSITY,2013-11/2018-01,public,"fastq,run.zq,sra","gs,ncbi,s3","gs.us-east1,ncbi.public,s3.us-east-1",SRX3837732,Canada,North America,Canada: Hamilton,Mus musculus,Illumina MiSeq,43.25 N 75.87 W,AC159.1,PAIRED,PCR,METAGENOMIC,mouse gut metagenome,ILLUMINA,2018-03-23T00:00:00Z,2018-03-23T12:54:00Z,1,AC159.1,SRP136344,Biological replicate 1,
SRR6885587,AMPLICON,502,24180838,PRJNA445279,SAMN08774513,Metagenome or environmental,13622214,MCMASTER UNIVERSITY,2013-11/2018-01,public,"fastq,run.zq,sra","gs,ncbi,s3","gs.us-east1,ncbi.public,s3.us-east-1",SRX3837731,Canada,North America,Canada: Hamilton,Mus musculus,Illumina MiSeq,43.25 N 75.87 W,AC159.2,PAIRED,PCR,METAGENOMIC,mouse gut metagenome,ILLUMINA,2018-03-23T00:00:00Z,2018-03-23T12:54:00Z,1,AC159.2,SRP136344,Biological replicate 2,
SRR6885588,AMPLICON,502,53265212,PRJNA445279,SAMN08774520,Metagenome or environmental,31495322,MCMASTER UNIVERSITY,2013-11/2018-01,public,"fastq,run.zq,sra","gs,ncbi,s3","gs.us-east1,ncbi.public,s3.us-east-1",SRX3837730,Canada,North America,Canada: Hamilton,Mus musculus,Illumina MiSeq,43.25 N 75.87 W,EV229,PAIRED,PCR,METAGENOMIC,mouse gut metagenome,ILLUMINA,2018-03-23T00:00:00Z,2018-03-23T12:54:00Z,1,EV229,SRP136344,Biological replicate 9,
SRR6885589,AMPLICON,502,53061902,PRJNA445279,SAMN08774521,Metagenome or environmental,30970416,MCMASTER UNIVERSITY,2013-11/2018-01,public,"fastq,run.zq,sra","gs,ncbi,s3","gs.us-east1,ncbi.public,s3.us-east-1",SRX3837729,Canada,North America,Canada: Hamilton,Mus musculus,Illumina MiSeq,43.25 N 75.87 W,EV230,PAIRED,PCR,METAGENOMIC,mouse gut metagenome,ILLUMINA,2018-03-23T00:00:00Z,2018-03-23T12:54:00Z,1,EV230,SRP136344,Biological replicate 10,
