Run,Assay Type,AvgSpotLen,Bases,BioProject,BioSample,BioSampleModel,Bytes,Center Name,Collection_Date,Consent,DATASTORE filetype,DATASTORE provider,DATASTORE region,env_biome,env_feature,env_material,Experiment,geo_loc_name_country,geo_loc_name_country_continent,geo_loc_name,Host,Instrument,isol_growth_condt,lat_lon,Library Name,LibraryLayout,LibrarySelection,LibrarySource,Organism,Platform,ReleaseDate,create_date,version,Sample Name,SRA Study,strain,Experiment Accession,Experiment Title,Organism Name,Instrument,Submitter,Study Accession,Study Title,Sample Accession,Sample Title,"Total Size, Mb",Total RUNs,Total Spots,Total Bases,Library Name,Library Strategy,Library Source,Library Selection
SRR6010742,AMPLICON,290,34167851,PRJNA401920,SAMN07611260,"MIMARKS.specimen,MIGS/MIMS/MIMARKS.human-gut",10639122,UNIVERSIDAD AUTONOMA DE NUEVO LEON,2/02/2017,public,"fastq,run.zq,sra","gs,ncbi,s3","gs.us-east1,ncbi.public,s3.us-east-1",Feces1,Feces,Fecal sample,SRX3164709,Mexico,North America,Mexico,Humans,Illumina MiSeq,Not applicable,Not applicable,F1SEA,SINGLE,PCR,METAGENOMIC,Homo sapiens,ILLUMINA,2017-09-06T00:00:00Z,2017-09-06T17:30:00Z,1,F1SEA,SRP116904,Not applicable,SRX3164709,16S-Seq of Bacteria: Feces sensible gluten,Homo sapiens,Illumina MiSeq,Universidad Autonoma de Nuevo Leon,SRP116904,Remes-Troche Gluten sensitivity microbiota,SRS2495430,,10.15,1,117715,34167851,F1SEA,AMPLICON,METAGENOMIC,PCR
SRR6010743,AMPLICON,290,24209209,PRJNA401920,SAMN07611261,"MIMARKS.specimen,MIGS/MIMS/MIMARKS.human-gut",7554974,UNIVERSIDAD AUTONOMA DE NUEVO LEON,2/02/2017,public,"fastq,run.zq,sra","gs,ncbi,s3","gs.us-east1,ncbi.public,s3.us-east-1",Feces2,Feces,Fecal sample,SRX3164708,Mexico,North America,Mexico,Humans,Illumina MiSeq,Not applicable,Not applicable,F1SEB,SINGLE,PCR,METAGENOMIC,Homo sapiens,ILLUMINA,2017-09-06T00:00:00Z,2017-09-06T17:30:00Z,1,F1SEB,SRP116904,Not applicable,SRX3164708,16S-Seq of Bacteria: Feces sensible gluten-free,Homo sapiens,Illumina MiSeq,Universidad Autonoma de Nuevo Leon,SRP116904,Remes-Troche Gluten sensitivity microbiota,SRS2495429,,7.2,1,83223,24209209,F1SEB,AMPLICON,METAGENOMIC,PCR
SRR6010744,AMPLICON,290,52763759,PRJNA401920,SAMN07611262,"MIMARKS.specimen,MIGS/MIMS/MIMARKS.human-gut",16468195,UNIVERSIDAD AUTONOMA DE NUEVO LEON,2/02/2017,public,"fastq,run.zq,sra","gs,ncbi,s3","gs.us-east1,ncbi.public,s3.us-east-1",Feces3,Feces,Fecal sample,SRX3164707,Mexico,North America,Mexico,Humans,Illumina MiSeq,Not applicable,Not applicable,F27CRA,SINGLE,PCR,METAGENOMIC,Homo sapiens,ILLUMINA,2017-09-06T00:00:00Z,2017-09-06T17:31:00Z,1,F27CRA,SRP116904,Not applicable,SRX3164707,16S-Seq of Bacteria: Feces control gluten,Homo sapiens,Illumina MiSeq,Universidad Autonoma de Nuevo Leon,SRP116904,Remes-Troche Gluten sensitivity microbiota,SRS2495428,,15.71,1,181848,52763759,F27CRA,AMPLICON,METAGENOMIC,PCR
SRR6010745,AMPLICON,289,39840346,PRJNA401920,SAMN07611263,"MIMARKS.specimen,MIGS/MIMS/MIMARKS.human-gut",12417365,UNIVERSIDAD AUTONOMA DE NUEVO LEON,2/02/2017,public,"fastq,run.zq,sra","gs,ncbi,s3","gs.us-east1,ncbi.public,s3.us-east-1",Feces4,Feces,Fecal sample,SRX3164706,Mexico,North America,Mexico,Humans,Illumina MiSeq,Not applicable,Not applicable,F5SEB,SINGLE,PCR,METAGENOMIC,Homo sapiens,ILLUMINA,2017-09-06T00:00:00Z,2017-09-06T17:31:00Z,1,F5SEB,SRP116904,Not applicable,SRX3164706,16S-Seq of Bacteria: Feces sensible gluten-free,Homo sapiens,Illumina MiSeq,Universidad Autonoma de Nuevo Leon,SRP116904,Remes-Troche Gluten sensitivity microbiota,SRS2495427,,11.84,1,137387,39840346,F5SEB,AMPLICON,METAGENOMIC,PCR
SRR6010746,AMPLICON,289,4692642,PRJNA401920,SAMN07611256,"MIMARKS.specimen,MIGS/MIMS/MIMARKS.human-gut",1526548,UNIVERSIDAD AUTONOMA DE NUEVO LEON,2/02/2017,public,"fastq,run.zq,sra","gs,ncbi,s3","gs.us-east1,ncbi.public,s3.us-east-1",Duodenum51,Duodenum,Duodenal biopsy,SRX3164705,Mexico,North America,Mexico,Humans,Illumina MiSeq,Not applicable,Not applicable,B28CRA,SINGLE,PCR,METAGENOMIC,Homo sapiens,ILLUMINA,2017-09-06T00:00:00Z,2017-09-06T17:32:00Z,1,B28CRA,SRP116904,Not applicable,SRX3164705,16S-Seq of Bacteria: Biopsy control gluten,Homo sapiens,Illumina MiSeq,Universidad Autonoma de Nuevo Leon,SRP116904,Remes-Troche Gluten sensitivity microbiota,SRS2495426,,1.46,1,16221,4692642,B28CRA,AMPLICON,METAGENOMIC,PCR
SRR6010747,AMPLICON,283,10354283,PRJNA401920,SAMN07611257,"MIMARKS.specimen,MIGS/MIMS/MIMARKS.human-gut",3257159,UNIVERSIDAD AUTONOMA DE NUEVO LEON,2/02/2017,public,"fastq,run.zq,sra","gs,ncbi,s3","gs.us-east1,ncbi.public,s3.us-east-1",Duodenum52,Duodenum,Duodenal biopsy,SRX3164704,Mexico,North America,Mexico,Humans,Illumina MiSeq,Not applicable,Not applicable,B28CRB,SINGLE,PCR,METAGENOMIC,Homo sapiens,ILLUMINA,2017-09-06T00:00:00Z,2017-09-06T17:32:00Z,1,B28CRB,SRP116904,Not applicable,SRX3164704,16S-Seq of Bacteria: Biopsy control gluten-free,Homo sapiens,Illumina MiSeq,Universidad Autonoma de Nuevo Leon,SRP116904,Remes-Troche Gluten sensitivity microbiota,SRS2495425,,3.11,1,36579,10354283,B28CRB,AMPLICON,METAGENOMIC,PCR
SRR6010748,AMPLICON,288,25831110,PRJNA401920,SAMN07611244,"MIMARKS.specimen,MIGS/MIMS/MIMARKS.human-gut",8055033,UNIVERSIDAD AUTONOMA DE NUEVO LEON,2/02/2017,public,"fastq,run.zq,sra","gs,ncbi,s3","gs.us-east1,ncbi.public,s3.us-east-1",Duodenum39,Duodenum,Duodenal biopsy,SRX3164703,Mexico,North America,Mexico,Humans,Illumina MiSeq,Not applicable,Not applicable,B21CRA,SINGLE,PCR,METAGENOMIC,Homo sapiens,ILLUMINA,2017-09-06T00:00:00Z,2017-09-06T17:32:00Z,1,B21CRA,SRP116904,Not applicable,SRX3164703,16S-Seq of Bacteria: Biopsy control gluten,Homo sapiens,Illumina MiSeq,Universidad Autonoma de Nuevo Leon,SRP116904,Remes-Troche Gluten sensitivity microbiota,SRS2495424,,7.68,1,89462,25831110,B21CRA,AMPLICON,METAGENOMIC,PCR
SRR6010749,AMPLICON,288,21705289,PRJNA401920,SAMN07611245,"MIMARKS.specimen,MIGS/MIMS/MIMARKS.human-gut",6692872,UNIVERSIDAD AUTONOMA DE NUEVO LEON,2/02/2017,public,"fastq,run.zq,sra","gs,ncbi,s3","gs.us-east1,ncbi.public,s3.us-east-1",Duodenum40,Duodenum,Duodenal biopsy,SRX3164702,Mexico,North America,Mexico,Humans,Illumina MiSeq,Not applicable,Not applicable,B21CRB,SINGLE,PCR,METAGENOMIC,Homo sapiens,ILLUMINA,2017-09-06T00:00:00Z,2017-09-06T17:33:00Z,1,B21CRB,SRP116904,Not applicable,SRX3164702,16S-Seq of Bacteria: Biopsy control gluten-free,Homo sapiens,Illumina MiSeq,Universidad Autonoma de Nuevo Leon,SRP116904,Remes-Troche Gluten sensitivity microbiota,SRS2495423,,6.38,1,75288,21705289,B21CRB,AMPLICON,METAGENOMIC,PCR
SRR6010750,AMPLICON,290,32318360,PRJNA401920,SAMN07611242,"MIMARKS.specimen,MIGS/MIMS/MIMARKS.human-gut",10024172,UNIVERSIDAD AUTONOMA DE NUEVO LEON,2/02/2017,public,"fastq,run.zq,sra","gs,ncbi,s3","gs.us-east1,ncbi.public,s3.us-east-1",Duodenum37,Duodenum,Duodenal biopsy,SRX3164701,Mexico,North America,Mexico,Humans,Illumina MiSeq,Not applicable,Not applicable,B20CLA,SINGLE,PCR,METAGENOMIC,Homo sapiens,ILLUMINA,2017-09-06T00:00:00Z,2017-09-06T17:33:00Z,1,B20CLA,SRP116904,Not applicable,SRX3164701,16S-Seq of Bacteria: Biopsy celiac gluten,Homo sapiens,Illumina MiSeq,Universidad Autonoma de Nuevo Leon,SRP116904,Remes-Troche Gluten sensitivity microbiota,SRS2495422,,9.56,1,111437,32318360,B20CLA,AMPLICON,METAGENOMIC,PCR
SRR6010751,AMPLICON,290,37411818,PRJNA401920,SAMN07611243,"MIMARKS.specimen,MIGS/MIMS/MIMARKS.human-gut",11672780,UNIVERSIDAD AUTONOMA DE NUEVO LEON,2/02/2017,public,"fastq,run.zq,sra","gs,ncbi,s3","gs.us-east1,ncbi.public,s3.us-east-1",Duodenum38,Duodenum,Duodenal biopsy,SRX3164700,Mexico,North America,Mexico,Humans,Illumina MiSeq,Not applicable,Not applicable,B20CLB,SINGLE,PCR,METAGENOMIC,Homo sapiens,ILLUMINA,2017-09-06T00:00:00Z,2017-09-06T17:33:00Z,1,B20CLB,SRP116904,Not applicable,SRX3164700,16S-Seq of Bacteria: Biopsy celiac gluten-free,Homo sapiens,Illumina MiSeq,Universidad Autonoma de Nuevo Leon,SRP116904,Remes-Troche Gluten sensitivity microbiota,SRS2495421,,11.13,1,128970,37411818,B20CLB,AMPLICON,METAGENOMIC,PCR
SRR6010752,AMPLICON,288,31888588,PRJNA401920,SAMN07611240,"MIMARKS.specimen,MIGS/MIMS/MIMARKS.human-gut",9930579,UNIVERSIDAD AUTONOMA DE NUEVO LEON,2/02/2017,public,"fastq,run.zq,sra","gs,ncbi,s3","gs.us-east1,ncbi.public,s3.us-east-1",Duodenum35,Duodenum,Duodenal biopsy,SRX3164699,Mexico,North America,Mexico,Humans,Illumina MiSeq,Not applicable,Not applicable,B19CLA,SINGLE,PCR,METAGENOMIC,Homo sapiens,ILLUMINA,2017-09-06T00:00:00Z,2017-09-06T17:34:00Z,1,B19CLA,SRP116904,Not applicable,SRX3164699,16S-Seq of Bacteria: Biopsy celiac gluten,Homo sapiens,Illumina MiSeq,Universidad Autonoma de Nuevo Leon,SRP116904,Remes-Troche Gluten sensitivity microbiota,SRS2495420,,9.47,1,110395,31888588,B19CLA,AMPLICON,METAGENOMIC,PCR
SRR6010753,AMPLICON,287,24801995,PRJNA401920,SAMN07611241,"MIMARKS.specimen,MIGS/MIMS/MIMARKS.human-gut",7762790,UNIVERSIDAD AUTONOMA DE NUEVO LEON,2/02/2017,public,"fastq,run.zq,sra","gs,ncbi,s3","gs.us-east1,ncbi.public,s3.us-east-1",Duodenum36,Duodenum,Duodenal biopsy,SRX3164698,Mexico,North America,Mexico,Humans,Illumina MiSeq,Not applicable,Not applicable,B19CLB,SINGLE,PCR,METAGENOMIC,Homo sapiens,ILLUMINA,2017-09-06T00:00:00Z,2017-09-06T17:34:00Z,1,B19CLB,SRP116904,Not applicable,SRX3164698,16S-Seq of Bacteria: Biopsy celiac gluten-free,Homo sapiens,Illumina MiSeq,Universidad Autonoma de Nuevo Leon,SRP116904,Remes-Troche Gluten sensitivity microbiota,SRS2495419,,7.4,1,86154,24801995,B19CLB,AMPLICON,METAGENOMIC,PCR
SRR6010754,AMPLICON,287,10830224,PRJNA401920,SAMN07611238,"MIMARKS.specimen,MIGS/MIMS/MIMARKS.human-gut",3416922,UNIVERSIDAD AUTONOMA DE NUEVO LEON,2/02/2017,public,"fastq,run.zq,sra","gs,ncbi,s3","gs.us-east1,ncbi.public,s3.us-east-1",Duodenum33,Duodenum,Duodenal biopsy,SRX3164697,Mexico,North America,Mexico,Humans,Illumina MiSeq,Not applicable,Not applicable,B17SEB,SINGLE,PCR,METAGENOMIC,Homo sapiens,ILLUMINA,2017-09-06T00:00:00Z,2017-09-06T17:34:00Z,1,B17SEB,SRP116904,Not applicable,SRX3164697,16S-Seq of Bacteria: Biopsy sensible gluten-free,Homo sapiens,Illumina MiSeq,Universidad Autonoma de Nuevo Leon,SRP116904,Remes-Troche Gluten sensitivity microbiota,SRS2495418,,3.26,1,37713,10830224,B17SEB,AMPLICON,METAGENOMIC,PCR
SRR6010755,AMPLICON,289,27404857,PRJNA401920,SAMN07611239,"MIMARKS.specimen,MIGS/MIMS/MIMARKS.human-gut",8600156,UNIVERSIDAD AUTONOMA DE NUEVO LEON,2/02/2017,public,"fastq,run.zq,sra","gs,ncbi,s3","gs.us-east1,ncbi.public,s3.us-east-1",Duodenum34,Duodenum,Duodenal biopsy,SRX3164696,Mexico,North America,Mexico,Humans,Illumina MiSeq,Not applicable,Not applicable,B30CRB,SINGLE,PCR,METAGENOMIC,Homo sapiens,ILLUMINA,2017-09-06T00:00:00Z,2017-09-06T17:35:00Z,1,B30CRB,SRP116904,Not applicable,SRX3164696,16S-Seq of Bacteria: Biopsy control gluten-free,Homo sapiens,Illumina MiSeq,Universidad Autonoma de Nuevo Leon,SRP116904,Remes-Troche Gluten sensitivity microbiota,SRS2495417,,8.2,1,94593,27404857,B30CRB,AMPLICON,METAGENOMIC,PCR
SRR6010756,AMPLICON,288,20950514,PRJNA401920,SAMN07611236,"MIMARKS.specimen,MIGS/MIMS/MIMARKS.human-gut",6537343,UNIVERSIDAD AUTONOMA DE NUEVO LEON,2/02/2017,public,"fastq,run.zq,sra","gs,ncbi,s3","gs.us-east1,ncbi.public,s3.us-east-1",Duodenum31,Duodenum,Duodenal biopsy,SRX3164695,Mexico,North America,Mexico,Humans,Illumina MiSeq,Not applicable,Not applicable,B16CLB,SINGLE,PCR,METAGENOMIC,Homo sapiens,ILLUMINA,2017-09-06T00:00:00Z,2017-09-06T17:35:00Z,1,B16CLB,SRP116904,Not applicable,SRX3164695,16S-Seq of Bacteria: Biopsy celiac gluten-free,Homo sapiens,Illumina MiSeq,Universidad Autonoma de Nuevo Leon,SRP116904,Remes-Troche Gluten sensitivity microbiota,SRS2495416,,6.23,1,72678,20950514,B16CLB,AMPLICON,METAGENOMIC,PCR
SRR6010757,AMPLICON,290,26230734,PRJNA401920,SAMN07611237,"MIMARKS.specimen,MIGS/MIMS/MIMARKS.human-gut",8201648,UNIVERSIDAD AUTONOMA DE NUEVO LEON,2/02/2017,public,"fastq,run.zq,sra","gs,ncbi,s3","gs.us-east1,ncbi.public,s3.us-east-1",Duodenum32,Duodenum,Duodenal biopsy,SRX3164694,Mexico,North America,Mexico,Humans,Illumina MiSeq,Not applicable,Not applicable,B17SEA,SINGLE,PCR,METAGENOMIC,Homo sapiens,ILLUMINA,2017-09-06T00:00:00Z,2017-09-06T17:35:00Z,1,B17SEA,SRP116904,Not applicable,SRX3164694,16S-Seq of Bacteria: Biopsy sensible gluten,Homo sapiens,Illumina MiSeq,Universidad Autonoma de Nuevo Leon,SRP116904,Remes-Troche Gluten sensitivity microbiota,SRS2495415,,7.82,1,90409,26230734,B17SEA,AMPLICON,METAGENOMIC,PCR
SRR6010758,AMPLICON,286,18689984,PRJNA401920,SAMN07611216,"MIMARKS.specimen,MIGS/MIMS/MIMARKS.human-gut",5810675,UNIVERSIDAD AUTONOMA DE NUEVO LEON,2/02/2017,public,"fastq,run.zq,sra","gs,ncbi,s3","gs.us-east1,ncbi.public,s3.us-east-1",Duodenum11,Duodenum,Duodenal biopsy,SRX3164693,Mexico,North America,Mexico,Humans,Illumina MiSeq,Not applicable,Not applicable,B1SEB,SINGLE,PCR,METAGENOMIC,Homo sapiens,ILLUMINA,2017-09-06T00:00:00Z,2017-09-06T18:59:00Z,1,B1SEB,SRP116904,Not applicable,SRX3164693,16S-Seq of Bacteria: Biopsy sensible gluten-free,Homo sapiens,Illumina MiSeq,Universidad Autonoma de Nuevo Leon,SRP116904,Remes-Troche Gluten sensitivity microbiota,SRS2495413,,5.54,1,65205,18689984,B1SEB,AMPLICON,METAGENOMIC,PCR
SRR6010759,AMPLICON,288,36379127,PRJNA401920,SAMN07611217,"MIMARKS.specimen,MIGS/MIMS/MIMARKS.human-gut",11342237,UNIVERSIDAD AUTONOMA DE NUEVO LEON,2/02/2017,public,"fastq,run.zq,sra","gs,ncbi,s3","gs.us-east1,ncbi.public,s3.us-east-1",Duodenum12,Duodenum,Duodenal biopsy,SRX3164692,Mexico,North America,Mexico,Humans,Illumina MiSeq,Not applicable,Not applicable,B5SEA,SINGLE,PCR,METAGENOMIC,Homo sapiens,ILLUMINA,2017-09-06T00:00:00Z,2017-09-06T18:59:00Z,1,B5SEA,SRP116904,Not applicable,SRX3164692,16S-Seq of Bacteria: Biopsy sensible gluten,Homo sapiens,Illumina MiSeq,Universidad Autonoma de Nuevo Leon,SRP116904,Remes-Troche Gluten sensitivity microbiota,SRS2495414,,10.82,1,126029,36379127,B5SEA,AMPLICON,METAGENOMIC,PCR
SRR6010760,AMPLICON,288,19123307,PRJNA401920,SAMN07611218,"MIMARKS.specimen,MIGS/MIMS/MIMARKS.human-gut",5985368,UNIVERSIDAD AUTONOMA DE NUEVO LEON,2/02/2017,public,"fastq,run.zq,sra","gs,ncbi,s3","gs.us-east1,ncbi.public,s3.us-east-1",Duodenum13,Duodenum,Duodenal biopsy,SRX3164691,Mexico,North America,Mexico,Humans,Illumina MiSeq,Not applicable,Not applicable,B5SEB,SINGLE,PCR,METAGENOMIC,Homo sapiens,ILLUMINA,2017-09-06T00:00:00Z,2017-09-06T18:59:00Z,1,B5SEB,SRP116904,Not applicable,SRX3164691,16S-Seq of Bacteria: Biopsy sensible gluten-free,Homo sapiens,Illumina MiSeq,Universidad Autonoma de Nuevo Leon,SRP116904,Remes-Troche Gluten sensitivity microbiota,SRS2495412,,5.71,1,66400,19123307,B5SEB,AMPLICON,METAGENOMIC,PCR
SRR6010761,AMPLICON,282,7426108,PRJNA401920,SAMN07611219,"MIMARKS.specimen,MIGS/MIMS/MIMARKS.human-gut",2364163,UNIVERSIDAD AUTONOMA DE NUEVO LEON,2/02/2017,public,"fastq,run.zq,sra","gs,ncbi,s3","gs.us-east1,ncbi.public,s3.us-east-1",Duodenum14,Duodenum,Duodenal biopsy,SRX3164690,Mexico,North America,Mexico,Humans,Illumina MiSeq,Not applicable,Not applicable,B6SEA,SINGLE,PCR,METAGENOMIC,Homo sapiens,ILLUMINA,2017-09-06T00:00:00Z,2017-09-06T18:59:00Z,1,B6SEA,SRP116904,Not applicable,SRX3164690,16S-Seq of Bacteria: Biopsy sensible gluten,Homo sapiens,Illumina MiSeq,Universidad Autonoma de Nuevo Leon,SRP116904,Remes-Troche Gluten sensitivity microbiota,SRS2495411,,2.25,1,26313,7426108,B6SEA,AMPLICON,METAGENOMIC,PCR
SRR6010762,AMPLICON,286,16385932,PRJNA401920,SAMN07611220,"MIMARKS.specimen,MIGS/MIMS/MIMARKS.human-gut",5133671,UNIVERSIDAD AUTONOMA DE NUEVO LEON,2/02/2017,public,"fastq,run.zq,sra","gs,ncbi,s3","gs.us-east1,ncbi.public,s3.us-east-1",Duodenum15,Duodenum,Duodenal biopsy,SRX3164689,Mexico,North America,Mexico,Humans,Illumina MiSeq,Not applicable,Not applicable,B6SEB,SINGLE,PCR,METAGENOMIC,Homo sapiens,ILLUMINA,2017-09-06T00:00:00Z,2017-09-06T18:59:00Z,1,B6SEB,SRP116904,Not applicable,SRX3164689,16S-Seq of Bacteria: Biopsy sensible gluten-free,Homo sapiens,Illumina MiSeq,Universidad Autonoma de Nuevo Leon,SRP116904,Remes-Troche Gluten sensitivity microbiota,SRS2495410,,4.9,1,57101,16385932,B6SEB,AMPLICON,METAGENOMIC,PCR
SRR6010763,AMPLICON,286,11633357,PRJNA401920,SAMN07611221,"MIMARKS.specimen,MIGS/MIMS/MIMARKS.human-gut",3660033,UNIVERSIDAD AUTONOMA DE NUEVO LEON,2/02/2017,public,"fastq,run.zq,sra","gs,ncbi,s3","gs.us-east1,ncbi.public,s3.us-east-1",Duodenum16,Duodenum,Duodenal biopsy,SRX3164688,Mexico,North America,Mexico,Humans,Illumina MiSeq,Not applicable,Not applicable,B7SEA,SINGLE,PCR,METAGENOMIC,Homo sapiens,ILLUMINA,2017-09-06T00:00:00Z,2017-09-06T18:59:00Z,1,B7SEA,SRP116904,Not applicable,SRX3164688,16S-Seq of Bacteria: Biopsy sensible gluten,Homo sapiens,Illumina MiSeq,Universidad Autonoma de Nuevo Leon,SRP116904,Remes-Troche Gluten sensitivity microbiota,SRS2495409,,3.49,1,40542,11633357,B7SEA,AMPLICON,METAGENOMIC,PCR
SRR6010764,AMPLICON,286,19430581,PRJNA401920,SAMN07611222,"MIMARKS.specimen,MIGS/MIMS/MIMARKS.human-gut",6080287,UNIVERSIDAD AUTONOMA DE NUEVO LEON,2/02/2017,public,"fastq,run.zq,sra","gs,ncbi,s3","gs.us-east1,ncbi.public,s3.us-east-1",Duodenum17,Duodenum,Duodenal biopsy,SRX3164687,Mexico,North America,Mexico,Humans,Illumina MiSeq,Not applicable,Not applicable,B7SEB,SINGLE,PCR,METAGENOMIC,Homo sapiens,ILLUMINA,2017-09-06T00:00:00Z,2017-09-06T18:59:00Z,1,B7SEB,SRP116904,Not applicable,SRX3164687,16S-Seq of Bacteria: Biopsy sensible gluten-free,Homo sapiens,Illumina MiSeq,Universidad Autonoma de Nuevo Leon,SRP116904,Remes-Troche Gluten sensitivity microbiota,SRS2495408,,5.8,1,67836,19430581,B7SEB,AMPLICON,METAGENOMIC,PCR
SRR6010765,AMPLICON,288,26003267,PRJNA401920,SAMN07611223,"MIMARKS.specimen,MIGS/MIMS/MIMARKS.human-gut",8125834,UNIVERSIDAD AUTONOMA DE NUEVO LEON,2/02/2017,public,"fastq,run.zq,sra","gs,ncbi,s3","gs.us-east1,ncbi.public,s3.us-east-1",Duodenum18,Duodenum,Duodenal biopsy,SRX3164686,Mexico,North America,Mexico,Humans,Illumina MiSeq,Not applicable,Not applicable,B8SEA,SINGLE,PCR,METAGENOMIC,Homo sapiens,ILLUMINA,2017-09-06T00:00:00Z,2017-09-06T18:59:00Z,1,B8SEA,SRP116904,Not applicable,SRX3164686,16S-Seq of Bacteria: Biopsy sensible gluten,Homo sapiens,Illumina MiSeq,Universidad Autonoma de Nuevo Leon,SRP116904,Remes-Troche Gluten sensitivity microbiota,SRS2495407,,7.75,1,90156,26003267,B8SEA,AMPLICON,METAGENOMIC,PCR
SRR6010766,AMPLICON,289,20878424,PRJNA401920,SAMN07611224,"MIMARKS.specimen,MIGS/MIMS/MIMARKS.human-gut",6525006,UNIVERSIDAD AUTONOMA DE NUEVO LEON,2/02/2017,public,"fastq,run.zq,sra","gs,ncbi,s3","gs.us-east1,ncbi.public,s3.us-east-1",Duodenum19,Duodenum,Duodenal biopsy,SRX3164685,Mexico,North America,Mexico,Humans,Illumina MiSeq,Not applicable,Not applicable,B8SEB,SINGLE,PCR,METAGENOMIC,Homo sapiens,ILLUMINA,2017-09-06T00:00:00Z,2017-09-06T19:00:00Z,1,B8SEB,SRP116904,Not applicable,SRX3164685,16S-Seq of Bacteria: Biopsy sensible gluten-free,Homo sapiens,Illumina MiSeq,Universidad Autonoma de Nuevo Leon,SRP116904,Remes-Troche Gluten sensitivity microbiota,SRS2495406,,6.22,1,72222,20878424,B8SEB,AMPLICON,METAGENOMIC,PCR
SRR6010767,AMPLICON,284,8551170,PRJNA401920,SAMN07611225,"MIMARKS.specimen,MIGS/MIMS/MIMARKS.human-gut",2711148,UNIVERSIDAD AUTONOMA DE NUEVO LEON,2/02/2017,public,"fastq,run.zq,sra","gs,ncbi,s3","gs.us-east1,ncbi.public,s3.us-east-1",Duodenum20,Duodenum,Duodenal biopsy,SRX3164684,Mexico,North America,Mexico,Humans,Illumina MiSeq,Not applicable,Not applicable,B9CLA,SINGLE,PCR,METAGENOMIC,Homo sapiens,ILLUMINA,2017-09-06T00:00:00Z,2017-09-06T19:00:00Z,1,B9CLA,SRP116904,Not applicable,SRX3164684,16S-Seq of Bacteria: Biopsy celiac gluten,Homo sapiens,Illumina MiSeq,Universidad Autonoma de Nuevo Leon,SRP116904,Remes-Troche Gluten sensitivity microbiota,SRS2495405,,2.59,1,30045,8551170,B9CLA,AMPLICON,METAGENOMIC,PCR
SRR6010768,AMPLICON,291,24141426,PRJNA401920,SAMN07611271,"MIMARKS.specimen,MIGS/MIMS/MIMARKS.human-gut",7425674,UNIVERSIDAD AUTONOMA DE NUEVO LEON,2/02/2017,public,"fastq,run.zq,sra","gs,ncbi,s3","gs.us-east1,ncbi.public,s3.us-east-1",Feces12,Feces,Fecal sample,SRX3164683,Mexico,North America,Mexico,Humans,Illumina MiSeq,Not applicable,Not applicable,F13SEB,SINGLE,PCR,METAGENOMIC,Homo sapiens,ILLUMINA,2017-09-06T00:00:00Z,2017-09-06T19:00:00Z,1,F13SEB,SRP116904,Not applicable,SRX3164683,16S-Seq of Bacteria: Feces sensible gluten-free,Homo sapiens,Illumina MiSeq,Universidad Autonoma de Nuevo Leon,SRP116904,Remes-Troche Gluten sensitivity microbiota,SRS2495404,,7.08,1,82879,24141426,F13SEB,AMPLICON,METAGENOMIC,PCR
SRR6010769,AMPLICON,290,33654669,PRJNA401920,SAMN07611274,"MIMARKS.specimen,MIGS/MIMS/MIMARKS.human-gut",10468280,UNIVERSIDAD AUTONOMA DE NUEVO LEON,2/02/2017,public,"fastq,run.zq,sra","gs,ncbi,s3","gs.us-east1,ncbi.public,s3.us-east-1",Feces15,Feces,Fecal sample,SRX3164682,Mexico,North America,Mexico,Humans,Illumina MiSeq,Not applicable,Not applicable,F16CLA,SINGLE,PCR,METAGENOMIC,Homo sapiens,ILLUMINA,2017-09-06T00:00:00Z,2017-09-06T19:00:00Z,1,F16CLA,SRP116904,Not applicable,SRX3164682,16S-Seq of Bacteria: Feces celiac gluten,Homo sapiens,Illumina MiSeq,Universidad Autonoma de Nuevo Leon,SRP116904,Remes-Troche Gluten sensitivity microbiota,SRS2495403,,9.98,1,115786,33654669,F16CLA,AMPLICON,METAGENOMIC,PCR
SRR6010770,AMPLICON,291,25849451,PRJNA401920,SAMN07611264,"MIMARKS.specimen,MIGS/MIMS/MIMARKS.human-gut",8075271,UNIVERSIDAD AUTONOMA DE NUEVO LEON,2/02/2017,public,"fastq,run.zq,sra","gs,ncbi,s3","gs.us-east1,ncbi.public,s3.us-east-1",Feces5,Feces,Fecal sample,SRX3164681,Mexico,North America,Mexico,Humans,Illumina MiSeq,Not applicable,Not applicable,F6SEA,SINGLE,PCR,METAGENOMIC,Homo sapiens,ILLUMINA,2017-09-06T00:00:00Z,2017-09-06T19:00:00Z,1,F6SEA,SRP116904,Not applicable,SRX3164681,16S-Seq of Bacteria: Feces sensible gluten,Homo sapiens,Illumina MiSeq,Universidad Autonoma de Nuevo Leon,SRP116904,Remes-Troche Gluten sensitivity microbiota,SRS2495402,,7.7,1,88782,25849451,F6SEA,AMPLICON,METAGENOMIC,PCR
SRR6010771,AMPLICON,290,37903955,PRJNA401920,SAMN07611270,"MIMARKS.specimen,MIGS/MIMS/MIMARKS.human-gut",11717898,UNIVERSIDAD AUTONOMA DE NUEVO LEON,2/02/2017,public,"fastq,run.zq,sra","gs,ncbi,s3","gs.us-east1,ncbi.public,s3.us-east-1",Feces11,Feces,Fecal sample,SRX3164680,Mexico,North America,Mexico,Humans,Illumina MiSeq,Not applicable,Not applicable,F13SEA,SINGLE,PCR,METAGENOMIC,Homo sapiens,ILLUMINA,2017-09-06T00:00:00Z,2017-09-06T19:00:00Z,1,F13SEA,SRP116904,Not applicable,SRX3164680,16S-Seq of Bacteria: Feces sensible gluten,Homo sapiens,Illumina MiSeq,Universidad Autonoma de Nuevo Leon,SRP116904,Remes-Troche Gluten sensitivity microbiota,SRS2495400,,11.18,1,130273,37903955,F13SEA,AMPLICON,METAGENOMIC,PCR
SRR6010772,AMPLICON,291,6604602,PRJNA401920,SAMN07611268,"MIMARKS.specimen,MIGS/MIMS/MIMARKS.human-gut",2114576,UNIVERSIDAD AUTONOMA DE NUEVO LEON,2/02/2017,public,"fastq,run.zq,sra","gs,ncbi,s3","gs.us-east1,ncbi.public,s3.us-east-1",Feces9,Feces,Fecal sample,SRX3164679,Mexico,North America,Mexico,Humans,Illumina MiSeq,Not applicable,Not applicable,F10SEA,SINGLE,PCR,METAGENOMIC,Homo sapiens,ILLUMINA,2017-09-06T00:00:00Z,2017-09-06T19:00:00Z,1,F10SEA,SRP116904,Not applicable,SRX3164679,16S-Seq of Bacteria: Feces sensible gluten,Homo sapiens,Illumina MiSeq,Universidad Autonoma de Nuevo Leon,SRP116904,Remes-Troche Gluten sensitivity microbiota,SRS2495399,,2.02,1,22676,6604602,F10SEA,AMPLICON,METAGENOMIC,PCR
SRR6010773,AMPLICON,290,43749863,PRJNA401920,SAMN07611285,"MIMARKS.specimen,MIGS/MIMS/MIMARKS.human-gut",13563067,UNIVERSIDAD AUTONOMA DE NUEVO LEON,2/02/2017,public,"fastq,run.zq,sra","gs,ncbi,s3","gs.us-east1,ncbi.public,s3.us-east-1",Feces26,Feces,Fecal sample,SRX3164678,Mexico,North America,Mexico,Humans,Illumina MiSeq,Not applicable,Not applicable,F24SEA,SINGLE,PCR,METAGENOMIC,Homo sapiens,ILLUMINA,2017-09-06T00:00:00Z,2017-09-06T19:00:00Z,1,F24SEA,SRP116904,Not applicable,SRX3164678,16S-Seq of Bacteria: Biopsy sensible gluten,Homo sapiens,Illumina MiSeq,Universidad Autonoma de Nuevo Leon,SRP116904,Remes-Troche Gluten sensitivity microbiota,SRS2495401,,12.93,1,150609,43749863,F24SEA,AMPLICON,METAGENOMIC,PCR
SRR6010774,AMPLICON,286,20199852,PRJNA401920,SAMN07611258,"MIMARKS.specimen,MIGS/MIMS/MIMARKS.human-gut",6302808,UNIVERSIDAD AUTONOMA DE NUEVO LEON,2/02/2017,public,"fastq,run.zq,sra","gs,ncbi,s3","gs.us-east1,ncbi.public,s3.us-east-1",Duodenum53,Duodenum,Duodenal biopsy,SRX3164677,Mexico,North America,Mexico,Humans,Illumina MiSeq,Not applicable,Not applicable,B29CRA,SINGLE,PCR,METAGENOMIC,Homo sapiens,ILLUMINA,2017-09-06T00:00:00Z,2017-09-06T19:00:00Z,1,B29CRA,SRP116904,Not applicable,SRX3164677,16S-Seq of Bacteria: Biopsy control gluten,Homo sapiens,Illumina MiSeq,Universidad Autonoma de Nuevo Leon,SRP116904,Remes-Troche Gluten sensitivity microbiota,SRS2495398,,6.01,1,70458,20199852,B29CRA,AMPLICON,METAGENOMIC,PCR
SRR6010775,AMPLICON,290,30558933,PRJNA401920,SAMN07611277,"MIMARKS.specimen,MIGS/MIMS/MIMARKS.human-gut",9520698,UNIVERSIDAD AUTONOMA DE NUEVO LEON,2/02/2017,public,"fastq,run.zq,sra","gs,ncbi,s3","gs.us-east1,ncbi.public,s3.us-east-1",Feces18,Feces,Fecal sample,SRX3164676,Mexico,North America,Mexico,Humans,Illumina MiSeq,Not applicable,Not applicable,F17SEB,SINGLE,PCR,METAGENOMIC,Homo sapiens,ILLUMINA,2017-09-06T00:00:00Z,2017-09-06T19:00:00Z,1,F17SEB,SRP116904,Not applicable,SRX3164676,16S-Seq of Bacteria: Feces sensible gluten-free,Homo sapiens,Illumina MiSeq,Universidad Autonoma de Nuevo Leon,SRP116904,Remes-Troche Gluten sensitivity microbiota,SRS2495396,,9.08,1,105098,30558933,F17SEB,AMPLICON,METAGENOMIC,PCR
SRR6010776,AMPLICON,291,32178960,PRJNA401920,SAMN07611284,"MIMARKS.specimen,MIGS/MIMS/MIMARKS.human-gut",9985981,UNIVERSIDAD AUTONOMA DE NUEVO LEON,2/02/2017,public,"fastq,run.zq,sra","gs,ncbi,s3","gs.us-east1,ncbi.public,s3.us-east-1",Feces25,Feces,Fecal sample,SRX3164675,Mexico,North America,Mexico,Humans,Illumina MiSeq,Not applicable,Not applicable,F11SEA,SINGLE,PCR,METAGENOMIC,Homo sapiens,ILLUMINA,2017-09-06T00:00:00Z,2017-09-06T19:00:00Z,1,F11SEA,SRP116904,Not applicable,SRX3164675,16S-Seq of Bacteria: Feces sensible gluten,Homo sapiens,Illumina MiSeq,Universidad Autonoma de Nuevo Leon,SRP116904,Remes-Troche Gluten sensitivity microbiota,SRS2495397,,9.52,1,110513,32178960,F11SEA,AMPLICON,METAGENOMIC,PCR
SRR6010777,AMPLICON,288,22330900,PRJNA401920,SAMN07611253,"MIMARKS.specimen,MIGS/MIMS/MIMARKS.human-gut",6927789,UNIVERSIDAD AUTONOMA DE NUEVO LEON,2/02/2017,public,"fastq,run.zq,sra","gs,ncbi,s3","gs.us-east1,ncbi.public,s3.us-east-1",Duodenum48,Duodenum,Duodenal biopsy,SRX3164674,Mexico,North America,Mexico,Humans,Illumina MiSeq,Not applicable,Not applicable,B26CRB,SINGLE,PCR,METAGENOMIC,Homo sapiens,ILLUMINA,2017-09-06T00:00:00Z,2017-09-06T19:01:00Z,1,B26CRB,SRP116904,Not applicable,SRX3164674,16S-Seq of Bacteria: Biopsy control gluten-free,Homo sapiens,Illumina MiSeq,Universidad Autonoma de Nuevo Leon,SRP116904,Remes-Troche Gluten sensitivity microbiota,SRS2495395,,6.61,1,77307,22330900,B26CRB,AMPLICON,METAGENOMIC,PCR
SRR6010778,AMPLICON,289,36270071,PRJNA401920,SAMN07611259,"MIMARKS.specimen,MIGS/MIMS/MIMARKS.human-gut",11307091,UNIVERSIDAD AUTONOMA DE NUEVO LEON,2/02/2017,public,"fastq,run.zq,sra","gs,ncbi,s3","gs.us-east1,ncbi.public,s3.us-east-1",Duodenum54,Duodenum,Duodenal biopsy,SRX3164673,Mexico,North America,Mexico,Humans,Illumina MiSeq,Not applicable,Not applicable,B29CRB,SINGLE,PCR,METAGENOMIC,Homo sapiens,ILLUMINA,2017-09-06T00:00:00Z,2017-09-06T19:01:00Z,1,B29CRB,SRP116904,Not applicable,SRX3164673,16S-Seq of Bacteria: Biopsy control gluten-free,Homo sapiens,Illumina MiSeq,Universidad Autonoma de Nuevo Leon,SRP116904,Remes-Troche Gluten sensitivity microbiota,SRS2495394,,10.78,1,125357,36270071,B29CRB,AMPLICON,METAGENOMIC,PCR
SRR6010779,AMPLICON,286,12616146,PRJNA401920,SAMN07611210,"MIMARKS.specimen,MIGS/MIMS/MIMARKS.human-gut",3967740,UNIVERSIDAD AUTONOMA DE NUEVO LEON,2/02/2017,public,"fastq,run.zq,sra","gs,ncbi,s3","gs.us-east1,ncbi.public,s3.us-east-1",Duodenum5,Duodenum,Duodenal biopsy,SRX3164672,Mexico,North America,Mexico,Humans,Illumina MiSeq,Not applicable,Not applicable,B14CRA,SINGLE,PCR,METAGENOMIC,Homo sapiens,ILLUMINA,2017-09-06T00:00:00Z,2017-09-06T19:01:00Z,1,B14CRA,SRP116904,Not applicable,SRX3164672,16S-Seq of Bacteria: Biopsy control gluten,Homo sapiens,Illumina MiSeq,Universidad Autonoma de Nuevo Leon,SRP116904,Remes-Troche Gluten sensitivity microbiota,SRS2495393,,3.78,1,44056,12616146,B14CRA,AMPLICON,METAGENOMIC,PCR
SRR6010780,AMPLICON,288,22019718,PRJNA401920,SAMN07611211,"MIMARKS.specimen,MIGS/MIMS/MIMARKS.human-gut",6906008,UNIVERSIDAD AUTONOMA DE NUEVO LEON,2/02/2017,public,"fastq,run.zq,sra","gs,ncbi,s3","gs.us-east1,ncbi.public,s3.us-east-1",Duodenum6,Duodenum,Duodenal biopsy,SRX3164671,Mexico,North America,Mexico,Humans,Illumina MiSeq,Not applicable,Not applicable,B18CLA,SINGLE,PCR,METAGENOMIC,Homo sapiens,ILLUMINA,2017-09-06T00:00:00Z,2017-09-06T19:01:00Z,1,B18CLA,SRP116904,Not applicable,SRX3164671,16S-Seq of Bacteria: Biopsy celiac gluten,Homo sapiens,Illumina MiSeq,Universidad Autonoma de Nuevo Leon,SRP116904,Remes-Troche Gluten sensitivity microbiota,SRS2495392,,6.59,1,76244,22019718,B18CLA,AMPLICON,METAGENOMIC,PCR
SRR6010781,AMPLICON,288,27541338,PRJNA401920,SAMN07611249,"MIMARKS.specimen,MIGS/MIMS/MIMARKS.human-gut",8587882,UNIVERSIDAD AUTONOMA DE NUEVO LEON,2/02/2017,public,"fastq,run.zq,sra","gs,ncbi,s3","gs.us-east1,ncbi.public,s3.us-east-1",Duodenum44,Duodenum,Duodenal biopsy,SRX3164670,Mexico,North America,Mexico,Humans,Illumina MiSeq,Not applicable,Not applicable,B24SEB,SINGLE,PCR,METAGENOMIC,Homo sapiens,ILLUMINA,2017-09-06T00:00:00Z,2017-09-06T19:01:00Z,1,B24SEB,SRP116904,Not applicable,SRX3164670,16S-Seq of Bacteria: Biopsy sensible gluten-free,Homo sapiens,Illumina MiSeq,Universidad Autonoma de Nuevo Leon,SRP116904,Remes-Troche Gluten sensitivity microbiota,SRS2495391,,8.19,1,95350,27541338,B24SEB,AMPLICON,METAGENOMIC,PCR
SRR6010782,AMPLICON,289,36598979,PRJNA401920,SAMN07611213,"MIMARKS.specimen,MIGS/MIMS/MIMARKS.human-gut",11330211,UNIVERSIDAD AUTONOMA DE NUEVO LEON,2/02/2017,public,"fastq,run.zq,sra","gs,ncbi,s3","gs.us-east1,ncbi.public,s3.us-east-1",Duodenum8,Duodenum,Duodenal biopsy,SRX3164669,Mexico,North America,Mexico,Humans,Illumina MiSeq,Not applicable,Not applicable,B22SEA,SINGLE,PCR,METAGENOMIC,Homo sapiens,ILLUMINA,2017-09-06T00:00:00Z,2017-09-06T19:01:00Z,1,B22SEA,SRP116904,Not applicable,SRX3164669,16S-Seq of Bacteria: Biopsy sensible gluten,Homo sapiens,Illumina MiSeq,Universidad Autonoma de Nuevo Leon,SRP116904,Remes-Troche Gluten sensitivity microbiota,SRS2495390,,10.81,1,126490,36598979,B22SEA,AMPLICON,METAGENOMIC,PCR
SRR6010783,AMPLICON,288,24173415,PRJNA401920,SAMN07611206,"MIMARKS.specimen,MIGS/MIMS/MIMARKS.human-gut",7567945,UNIVERSIDAD AUTONOMA DE NUEVO LEON,2/02/2017,public,"fastq,run.zq,sra","gs,ncbi,s3","gs.us-east1,ncbi.public,s3.us-east-1",Duodenum1,Duodenum,Duodenal biopsy,SRX3164668,Mexico,North America,Mexico,Humans,Illumina MiSeq,Not applicable,Not applicable,B2CRA,SINGLE,PCR,METAGENOMIC,Homo sapiens,ILLUMINA,2017-09-06T00:00:00Z,2017-09-06T19:01:00Z,1,B2CRA,SRP116904,Not applicable,SRX3164668,16S-Seq of Bacteria: Biopsy control gluten,Homo sapiens,Illumina MiSeq,Universidad Autonoma de Nuevo Leon,SRP116904,Remes-Troche Gluten sensitivity microbiota,SRS2495389,,7.22,1,83676,24173415,B2CRA,AMPLICON,METAGENOMIC,PCR
SRR6010784,AMPLICON,289,26613155,PRJNA401920,SAMN07611207,"MIMARKS.specimen,MIGS/MIMS/MIMARKS.human-gut",8309946,UNIVERSIDAD AUTONOMA DE NUEVO LEON,2/02/2017,public,"fastq,run.zq,sra","gs,ncbi,s3","gs.us-east1,ncbi.public,s3.us-east-1",Duodenum2,Duodenum,Duodenal biopsy,SRX3164667,Mexico,North America,Mexico,Humans,Illumina MiSeq,Not applicable,Not applicable,B3SEA,SINGLE,PCR,METAGENOMIC,Homo sapiens,ILLUMINA,2017-09-06T00:00:00Z,2017-09-06T19:01:00Z,1,B3SEA,SRP116904,Not applicable,SRX3164667,16S-Seq of Bacteria: Biopsy sensible gluten,Homo sapiens,Illumina MiSeq,Universidad Autonoma de Nuevo Leon,SRP116904,Remes-Troche Gluten sensitivity microbiota,SRS2495388,,7.92,1,92053,26613155,B3SEA,AMPLICON,METAGENOMIC,PCR
SRR6010785,AMPLICON,284,14798606,PRJNA401920,SAMN07611208,"MIMARKS.specimen,MIGS/MIMS/MIMARKS.human-gut",4647118,UNIVERSIDAD AUTONOMA DE NUEVO LEON,2/02/2017,public,"fastq,run.zq,sra","gs,ncbi,s3","gs.us-east1,ncbi.public,s3.us-east-1",Duodenum3,Duodenum,Duodenal biopsy,SRX3164666,Mexico,North America,Mexico,Humans,Illumina MiSeq,Not applicable,Not applicable,B4CRA,SINGLE,PCR,METAGENOMIC,Homo sapiens,ILLUMINA,2017-09-06T00:00:00Z,2017-09-06T19:01:00Z,1,B4CRA,SRP116904,Not applicable,SRX3164666,16S-Seq of Bacteria: Biopsy control gluten,Homo sapiens,Illumina MiSeq,Universidad Autonoma de Nuevo Leon,SRP116904,Remes-Troche Gluten sensitivity microbiota,SRS2495387,,4.43,1,51939,14798606,B4CRA,AMPLICON,METAGENOMIC,PCR
SRR6010786,AMPLICON,284,12215480,PRJNA401920,SAMN07611209,"MIMARKS.specimen,MIGS/MIMS/MIMARKS.human-gut",3855215,UNIVERSIDAD AUTONOMA DE NUEVO LEON,2/02/2017,public,"fastq,run.zq,sra","gs,ncbi,s3","gs.us-east1,ncbi.public,s3.us-east-1",Duodenum4,Duodenum,Duodenal biopsy,SRX3164665,Mexico,North America,Mexico,Humans,Illumina MiSeq,Not applicable,Not applicable,B12CRA,SINGLE,PCR,METAGENOMIC,Homo sapiens,ILLUMINA,2017-09-06T00:00:00Z,2017-09-06T19:01:00Z,1,B12CRA,SRP116904,Not applicable,SRX3164665,16S-Seq of Bacteria: Biopsy control gluten,Homo sapiens,Illumina MiSeq,Universidad Autonoma de Nuevo Leon,SRP116904,Remes-Troche Gluten sensitivity microbiota,SRS2495386,,3.68,1,42930,12215480,B12CRA,AMPLICON,METAGENOMIC,PCR
SRR6010787,AMPLICON,282,9260986,PRJNA401920,SAMN07611248,"MIMARKS.specimen,MIGS/MIMS/MIMARKS.human-gut",2935259,UNIVERSIDAD AUTONOMA DE NUEVO LEON,2/02/2017,public,"fastq,run.zq,sra","gs,ncbi,s3","gs.us-east1,ncbi.public,s3.us-east-1",Duodenum43,Duodenum,Duodenal biopsy,SRX3164664,Mexico,North America,Mexico,Humans,Illumina MiSeq,Not applicable,Not applicable,B24SEA,SINGLE,PCR,METAGENOMIC,Homo sapiens,ILLUMINA,2017-09-06T00:00:00Z,2017-09-06T19:02:00Z,1,B24SEA,SRP116904,Not applicable,SRX3164664,16S-Seq of Bacteria: Biopsy sensible gluten,Homo sapiens,Illumina MiSeq,Universidad Autonoma de Nuevo Leon,SRP116904,Remes-Troche Gluten sensitivity microbiota,SRS2495385,,2.8,1,32807,9260986,B24SEA,AMPLICON,METAGENOMIC,PCR
SRR6010788,AMPLICON,290,40079927,PRJNA401920,SAMN07611276,"MIMARKS.specimen,MIGS/MIMS/MIMARKS.human-gut",12440316,UNIVERSIDAD AUTONOMA DE NUEVO LEON,2/02/2017,public,"fastq,run.zq,sra","gs,ncbi,s3","gs.us-east1,ncbi.public,s3.us-east-1",Feces17,Feces,Fecal sample,SRX3164663,Mexico,North America,Mexico,Humans,Illumina MiSeq,Not applicable,Not applicable,F17SEA,SINGLE,PCR,METAGENOMIC,Homo sapiens,ILLUMINA,2017-09-06T00:00:00Z,2017-09-06T19:02:00Z,1,F17SEA,SRP116904,Not applicable,SRX3164663,16S-Seq of Bacteria: Feces sensible gluten,Homo sapiens,Illumina MiSeq,Universidad Autonoma de Nuevo Leon,SRP116904,Remes-Troche Gluten sensitivity microbiota,SRS2495384,,11.86,1,137764,40079927,F17SEA,AMPLICON,METAGENOMIC,PCR
SRR6010789,AMPLICON,290,32920755,PRJNA401920,SAMN07611214,"MIMARKS.specimen,MIGS/MIMS/MIMARKS.human-gut",10271932,UNIVERSIDAD AUTONOMA DE NUEVO LEON,2/02/2017,public,"fastq,run.zq,sra","gs,ncbi,s3","gs.us-east1,ncbi.public,s3.us-east-1",Duodenum9,Duodenum,Duodenal biopsy,SRX3164662,Mexico,North America,Mexico,Humans,Illumina MiSeq,Not applicable,Not applicable,B30CRA,SINGLE,PCR,METAGENOMIC,Homo sapiens,ILLUMINA,2017-09-06T00:00:00Z,2017-09-06T19:02:00Z,1,B30CRA,SRP116904,Not applicable,SRX3164662,16S-Seq of Bacteria: Biopsy control gluten,Homo sapiens,Illumina MiSeq,Universidad Autonoma de Nuevo Leon,SRP116904,Remes-Troche Gluten sensitivity microbiota,SRS2495383,,9.8,1,113464,32920755,B30CRA,AMPLICON,METAGENOMIC,PCR
SRR6010790,AMPLICON,284,7223190,PRJNA401920,SAMN07611215,"MIMARKS.specimen,MIGS/MIMS/MIMARKS.human-gut",2307732,UNIVERSIDAD AUTONOMA DE NUEVO LEON,2/02/2017,public,"fastq,run.zq,sra","gs,ncbi,s3","gs.us-east1,ncbi.public,s3.us-east-1",Duodenum10,Duodenum,Duodenal biopsy,SRX3164661,Mexico,North America,Mexico,Humans,Illumina MiSeq,Not applicable,Not applicable,B1SEA,SINGLE,PCR,METAGENOMIC,Homo sapiens,ILLUMINA,2017-09-06T00:00:00Z,2017-09-06T19:02:00Z,1,B1SEA,SRP116904,Not applicable,SRX3164661,16S-Seq of Bacteria: Biopsy sensible gluten,Homo sapiens,Illumina MiSeq,Universidad Autonoma de Nuevo Leon,SRP116904,Remes-Troche Gluten sensitivity microbiota,SRS2495382,,2.2,1,25354,7223190,B1SEA,AMPLICON,METAGENOMIC,PCR
SRR6010791,AMPLICON,290,45685009,PRJNA401920,SAMN07611265,"MIMARKS.specimen,MIGS/MIMS/MIMARKS.human-gut",14214735,UNIVERSIDAD AUTONOMA DE NUEVO LEON,2/02/2017,public,"fastq,run.zq,sra","gs,ncbi,s3","gs.us-east1,ncbi.public,s3.us-east-1",Feces6,Feces,Fecal sample,SRX3164660,Mexico,North America,Mexico,Humans,Illumina MiSeq,Not applicable,Not applicable,F6SEB,SINGLE,PCR,METAGENOMIC,Homo sapiens,ILLUMINA,2017-09-06T00:00:00Z,2017-09-06T19:02:00Z,1,F6SEB,SRP116904,Not applicable,SRX3164660,16S-Seq of Bacteria: Feces sensible gluten-free,Homo sapiens,Illumina MiSeq,Universidad Autonoma de Nuevo Leon,SRP116904,Remes-Troche Gluten sensitivity microbiota,SRS2495381,,13.56,1,157319,45685009,F6SEB,AMPLICON,METAGENOMIC,PCR
SRR6010792,AMPLICON,289,28365994,PRJNA401920,SAMN07611247,"MIMARKS.specimen,MIGS/MIMS/MIMARKS.human-gut",8826308,UNIVERSIDAD AUTONOMA DE NUEVO LEON,2/02/2017,public,"fastq,run.zq,sra","gs,ncbi,s3","gs.us-east1,ncbi.public,s3.us-east-1",Duodenum42,Duodenum,Duodenal biopsy,SRX3164659,Mexico,North America,Mexico,Humans,Illumina MiSeq,Not applicable,Not applicable,B23CLB,SINGLE,PCR,METAGENOMIC,Homo sapiens,ILLUMINA,2017-09-06T00:00:00Z,2017-09-06T19:02:00Z,1,B23CLB,SRP116904,Not applicable,SRX3164659,16S-Seq of Bacteria: Biopsy celiac gluten-free,Homo sapiens,Illumina MiSeq,Universidad Autonoma de Nuevo Leon,SRP116904,Remes-Troche Gluten sensitivity microbiota,SRS2495380,,8.42,1,97938,28365994,B23CLB,AMPLICON,METAGENOMIC,PCR
SRR6010793,AMPLICON,290,45755932,PRJNA401920,SAMN07611266,"MIMARKS.specimen,MIGS/MIMS/MIMARKS.human-gut",14190628,UNIVERSIDAD AUTONOMA DE NUEVO LEON,2/02/2017,public,"fastq,run.zq,sra","gs,ncbi,s3","gs.us-east1,ncbi.public,s3.us-east-1",Feces7,Feces,Fecal sample,SRX3164658,Mexico,North America,Mexico,Humans,Illumina MiSeq,Not applicable,Not applicable,F9CLA,SINGLE,PCR,METAGENOMIC,Homo sapiens,ILLUMINA,2017-09-06T00:00:00Z,2017-09-06T19:02:00Z,1,F9CLA,SRP116904,Not applicable,SRX3164658,16S-Seq of Bacteria: Feces celiac gluten,Homo sapiens,Illumina MiSeq,Universidad Autonoma de Nuevo Leon,SRP116904,Remes-Troche Gluten sensitivity microbiota,SRS2495379,,13.53,1,157507,45755932,F9CLA,AMPLICON,METAGENOMIC,PCR
SRR6010794,AMPLICON,289,28193638,PRJNA401920,SAMN07611255,"MIMARKS.specimen,MIGS/MIMS/MIMARKS.human-gut",8822939,UNIVERSIDAD AUTONOMA DE NUEVO LEON,2/02/2017,public,"fastq,run.zq,sra","gs,ncbi,s3","gs.us-east1,ncbi.public,s3.us-east-1",Duodenum50,Duodenum,Duodenal biopsy,SRX3164657,Mexico,North America,Mexico,Humans,Illumina MiSeq,Not applicable,Not applicable,B27CRB,SINGLE,PCR,METAGENOMIC,Homo sapiens,ILLUMINA,2017-09-06T00:00:00Z,2017-09-06T19:02:00Z,1,B27CRB,SRP116904,Not applicable,SRX3164657,16S-Seq of Bacteria: Biopsy control gluten-free,Homo sapiens,Illumina MiSeq,Universidad Autonoma de Nuevo Leon,SRP116904,Remes-Troche Gluten sensitivity microbiota,SRS2495378,,8.41,1,97392,28193638,B27CRB,AMPLICON,METAGENOMIC,PCR
SRR6010795,AMPLICON,289,22542151,PRJNA401920,SAMN07611254,"MIMARKS.specimen,MIGS/MIMS/MIMARKS.human-gut",7101254,UNIVERSIDAD AUTONOMA DE NUEVO LEON,2/02/2017,public,"fastq,run.zq,sra","gs,ncbi,s3","gs.us-east1,ncbi.public,s3.us-east-1",Duodenum49,Duodenum,Duodenal biopsy,SRX3164656,Mexico,North America,Mexico,Humans,Illumina MiSeq,Not applicable,Not applicable,B27CRA,SINGLE,PCR,METAGENOMIC,Homo sapiens,ILLUMINA,2017-09-06T00:00:00Z,2017-09-06T19:02:00Z,1,B27CRA,SRP116904,Not applicable,SRX3164656,16S-Seq of Bacteria: Biopsy control gluten,Homo sapiens,Illumina MiSeq,Universidad Autonoma de Nuevo Leon,SRP116904,Remes-Troche Gluten sensitivity microbiota,SRS2495377,,6.77,1,77826,22542151,B27CRA,AMPLICON,METAGENOMIC,PCR
SRR6010796,AMPLICON,289,46447258,PRJNA401920,SAMN07611235,"MIMARKS.specimen,MIGS/MIMS/MIMARKS.human-gut",14449140,UNIVERSIDAD AUTONOMA DE NUEVO LEON,2/02/2017,public,"fastq,run.zq,sra","gs,ncbi,s3","gs.us-east1,ncbi.public,s3.us-east-1",Duodenum30,Duodenum,Duodenal biopsy,SRX3164655,Mexico,North America,Mexico,Humans,Illumina MiSeq,Not applicable,Not applicable,B16CLA,SINGLE,PCR,METAGENOMIC,Homo sapiens,ILLUMINA,2017-09-06T00:00:00Z,2017-09-06T19:02:00Z,1,B16CLA,SRP116904,Not applicable,SRX3164655,16S-Seq of Bacteria: Biopsy celiac gluten,Homo sapiens,Illumina MiSeq,Universidad Autonoma de Nuevo Leon,SRP116904,Remes-Troche Gluten sensitivity microbiota,SRS2495376,,13.78,1,160456,46447258,B16CLA,AMPLICON,METAGENOMIC,PCR
SRR6010797,AMPLICON,281,12530023,PRJNA401920,SAMN07611234,"MIMARKS.specimen,MIGS/MIMS/MIMARKS.human-gut",3947818,UNIVERSIDAD AUTONOMA DE NUEVO LEON,2/02/2017,public,"fastq,run.zq,sra","gs,ncbi,s3","gs.us-east1,ncbi.public,s3.us-east-1",Duodenum29,Duodenum,Duodenal biopsy,SRX3164654,Mexico,North America,Mexico,Humans,Illumina MiSeq,Not applicable,Not applicable,B15CRB,SINGLE,PCR,METAGENOMIC,Homo sapiens,ILLUMINA,2017-09-06T00:00:00Z,2017-09-06T19:02:00Z,1,B15CRB,SRP116904,Not applicable,SRX3164654,16S-Seq of Bacteria: Biopsy control gluten-free,Homo sapiens,Illumina MiSeq,Universidad Autonoma de Nuevo Leon,SRP116904,Remes-Troche Gluten sensitivity microbiota,SRS2495375,,3.76,1,44518,12530023,B15CRB,AMPLICON,METAGENOMIC,PCR
SRR6010798,AMPLICON,290,29984260,PRJNA401920,SAMN07611246,"MIMARKS.specimen,MIGS/MIMS/MIMARKS.human-gut",9135076,UNIVERSIDAD AUTONOMA DE NUEVO LEON,2/02/2017,public,"fastq,run.zq,sra","gs,ncbi,s3","gs.us-east1,ncbi.public,s3.us-east-1",Duodenum41,Duodenum,Duodenal biopsy,SRX3164653,Mexico,North America,Mexico,Humans,Illumina MiSeq,Not applicable,Not applicable,B23CLA,SINGLE,PCR,METAGENOMIC,Homo sapiens,ILLUMINA,2017-09-06T00:00:00Z,2017-09-06T19:02:00Z,1,B23CLA,SRP116904,Not applicable,SRX3164653,16S-Seq of Bacteria: Biopsy celiac gluten,Homo sapiens,Illumina MiSeq,Universidad Autonoma de Nuevo Leon,SRP116904,Remes-Troche Gluten sensitivity microbiota,SRS2495374,,8.71,1,103362,29984260,B23CLA,AMPLICON,METAGENOMIC,PCR
SRR6010799,AMPLICON,290,27641767,PRJNA401920,SAMN07611272,"MIMARKS.specimen,MIGS/MIMS/MIMARKS.human-gut",8563740,UNIVERSIDAD AUTONOMA DE NUEVO LEON,2/02/2017,public,"fastq,run.zq,sra","gs,ncbi,s3","gs.us-east1,ncbi.public,s3.us-east-1",Feces13,Feces,Fecal sample,SRX3164652,Mexico,North America,Mexico,Humans,Illumina MiSeq,Not applicable,Not applicable,F15CRA,SINGLE,PCR,METAGENOMIC,Homo sapiens,ILLUMINA,2017-09-06T00:00:00Z,2017-09-06T19:03:00Z,1,F15CRA,SRP116904,Not applicable,SRX3164652,16S-Seq of Bacteria: Feces control gluten,Homo sapiens,Illumina MiSeq,Universidad Autonoma de Nuevo Leon,SRP116904,Remes-Troche Gluten sensitivity microbiota,SRS2495373,,8.17,1,95070,27641767,F15CRA,AMPLICON,METAGENOMIC,PCR
SRR6010800,AMPLICON,289,40209888,PRJNA401920,SAMN07611231,"MIMARKS.specimen,MIGS/MIMS/MIMARKS.human-gut",12588147,UNIVERSIDAD AUTONOMA DE NUEVO LEON,2/02/2017,public,"fastq,run.zq,sra","gs,ncbi,s3","gs.us-east1,ncbi.public,s3.us-east-1",Duodenum26,Duodenum,Duodenal biopsy,SRX3164651,Mexico,North America,Mexico,Humans,Illumina MiSeq,Not applicable,Not applicable,B13SEA,SINGLE,PCR,METAGENOMIC,Homo sapiens,ILLUMINA,2017-09-06T00:00:00Z,2017-09-06T19:02:00Z,1,B13SEA,SRP116904,Not applicable,SRX3164651,16S-Seq of Bacteria: Biopsy sensible gluten,Homo sapiens,Illumina MiSeq,Universidad Autonoma de Nuevo Leon,SRP116904,Remes-Troche Gluten sensitivity microbiota,SRS2495372,,12,1,138788,40209888,B13SEA,AMPLICON,METAGENOMIC,PCR
SRR6010801,AMPLICON,287,14732119,PRJNA401920,SAMN07611230,"MIMARKS.specimen,MIGS/MIMS/MIMARKS.human-gut",4623348,UNIVERSIDAD AUTONOMA DE NUEVO LEON,2/02/2017,public,"fastq,run.zq,sra","gs,ncbi,s3","gs.us-east1,ncbi.public,s3.us-east-1",Duodenum25,Duodenum,Duodenal biopsy,SRX3164650,Mexico,North America,Mexico,Humans,Illumina MiSeq,Not applicable,Not applicable,B11SEB,SINGLE,PCR,METAGENOMIC,Homo sapiens,ILLUMINA,2017-09-06T00:00:00Z,2017-09-06T19:02:00Z,1,B11SEB,SRP116904,Not applicable,SRX3164650,16S-Seq of Bacteria: Biopsy sensible gluten-free,Homo sapiens,Illumina MiSeq,Universidad Autonoma de Nuevo Leon,SRP116904,Remes-Troche Gluten sensitivity microbiota,SRS2495370,,4.41,1,51224,14732119,B11SEB,AMPLICON,METAGENOMIC,PCR
SRR6010802,AMPLICON,289,31668556,PRJNA401920,SAMN07611233,"MIMARKS.specimen,MIGS/MIMS/MIMARKS.human-gut",9934655,UNIVERSIDAD AUTONOMA DE NUEVO LEON,2/02/2017,public,"fastq,run.zq,sra","gs,ncbi,s3","gs.us-east1,ncbi.public,s3.us-east-1",Duodenum28,Duodenum,Duodenal biopsy,SRX3164649,Mexico,North America,Mexico,Humans,Illumina MiSeq,Not applicable,Not applicable,B15CRA,SINGLE,PCR,METAGENOMIC,Homo sapiens,ILLUMINA,2017-09-06T00:00:00Z,2017-09-06T19:03:00Z,1,B15CRA,SRP116904,Not applicable,SRX3164649,16S-Seq of Bacteria: Biopsy control gluten,Homo sapiens,Illumina MiSeq,Universidad Autonoma de Nuevo Leon,SRP116904,Remes-Troche Gluten sensitivity microbiota,SRS2495371,,9.47,1,109252,31668556,B15CRA,AMPLICON,METAGENOMIC,PCR
SRR6010803,AMPLICON,290,31879103,PRJNA401920,SAMN07611232,"MIMARKS.specimen,MIGS/MIMS/MIMARKS.human-gut",9996311,UNIVERSIDAD AUTONOMA DE NUEVO LEON,2/02/2017,public,"fastq,run.zq,sra","gs,ncbi,s3","gs.us-east1,ncbi.public,s3.us-east-1",Duodenum27,Duodenum,Duodenal biopsy,SRX3164648,Mexico,North America,Mexico,Humans,Illumina MiSeq,Not applicable,Not applicable,B13SEB,SINGLE,PCR,METAGENOMIC,Homo sapiens,ILLUMINA,2017-09-06T00:00:00Z,2017-09-06T19:02:00Z,1,B13SEB,SRP116904,Not applicable,SRX3164648,16S-Seq of Bacteria: Biopsy sensible gluten-free,Homo sapiens,Illumina MiSeq,Universidad Autonoma de Nuevo Leon,SRP116904,Remes-Troche Gluten sensitivity microbiota,SRS2495369,,9.53,1,109926,31879103,B13SEB,AMPLICON,METAGENOMIC,PCR
SRR6010804,AMPLICON,288,22760064,PRJNA401920,SAMN07611227,"MIMARKS.specimen,MIGS/MIMS/MIMARKS.human-gut",7138219,UNIVERSIDAD AUTONOMA DE NUEVO LEON,2/02/2017,public,"fastq,run.zq,sra","gs,ncbi,s3","gs.us-east1,ncbi.public,s3.us-east-1",Duodenum22,Duodenum,Duodenal biopsy,SRX3164647,Mexico,North America,Mexico,Humans,Illumina MiSeq,Not applicable,Not applicable,B10SEA,SINGLE,PCR,METAGENOMIC,Homo sapiens,ILLUMINA,2017-09-06T00:00:00Z,2017-09-06T19:02:00Z,1,B10SEA,SRP116904,Not applicable,SRX3164647,16S-Seq of Bacteria: Biopsy sensible gluten,Homo sapiens,Illumina MiSeq,Universidad Autonoma de Nuevo Leon,SRP116904,Remes-Troche Gluten sensitivity microbiota,SRS2495368,,6.81,1,78961,22760064,B10SEA,AMPLICON,METAGENOMIC,PCR
SRR6010805,AMPLICON,284,11529161,PRJNA401920,SAMN07611226,"MIMARKS.specimen,MIGS/MIMS/MIMARKS.human-gut",3623922,UNIVERSIDAD AUTONOMA DE NUEVO LEON,2/02/2017,public,"fastq,run.zq,sra","gs,ncbi,s3","gs.us-east1,ncbi.public,s3.us-east-1",Duodenum21,Duodenum,Duodenal biopsy,SRX3164646,Mexico,North America,Mexico,Humans,Illumina MiSeq,Not applicable,Not applicable,B9CLB,SINGLE,PCR,METAGENOMIC,Homo sapiens,ILLUMINA,2017-09-06T00:00:00Z,2017-09-06T19:03:00Z,1,B9CLB,SRP116904,Not applicable,SRX3164646,16S-Seq of Bacteria: Biopsy celiac gluten-free,Homo sapiens,Illumina MiSeq,Universidad Autonoma de Nuevo Leon,SRP116904,Remes-Troche Gluten sensitivity microbiota,SRS2495367,,3.46,1,40514,11529161,B9CLB,AMPLICON,METAGENOMIC,PCR
SRR6010806,AMPLICON,289,22333226,PRJNA401920,SAMN07611229,"MIMARKS.specimen,MIGS/MIMS/MIMARKS.human-gut",6998698,UNIVERSIDAD AUTONOMA DE NUEVO LEON,2/02/2017,public,"fastq,run.zq,sra","gs,ncbi,s3","gs.us-east1,ncbi.public,s3.us-east-1",Duodenum24,Duodenum,Duodenal biopsy,SRX3164645,Mexico,North America,Mexico,Humans,Illumina MiSeq,Not applicable,Not applicable,B11SEA,SINGLE,PCR,METAGENOMIC,Homo sapiens,ILLUMINA,2017-09-06T00:00:00Z,2017-09-06T19:02:00Z,1,B11SEA,SRP116904,Not applicable,SRX3164645,16S-Seq of Bacteria: Biopsy sensible gluten,Homo sapiens,Illumina MiSeq,Universidad Autonoma de Nuevo Leon,SRP116904,Remes-Troche Gluten sensitivity microbiota,SRS2495366,,6.67,1,77219,22333226,B11SEA,AMPLICON,METAGENOMIC,PCR
SRR6010807,AMPLICON,290,37777283,PRJNA401920,SAMN07611228,"MIMARKS.specimen,MIGS/MIMS/MIMARKS.human-gut",11839559,UNIVERSIDAD AUTONOMA DE NUEVO LEON,2/02/2017,public,"fastq,run.zq,sra","gs,ncbi,s3","gs.us-east1,ncbi.public,s3.us-east-1",Duodenum23,Duodenum,Duodenal biopsy,SRX3164644,Mexico,North America,Mexico,Humans,Illumina MiSeq,Not applicable,Not applicable,B10SEB,SINGLE,PCR,METAGENOMIC,Homo sapiens,ILLUMINA,2017-09-06T00:00:00Z,2017-09-06T19:02:00Z,1,B10SEB,SRP116904,Not applicable,SRX3164644,16S-Seq of Bacteria: Biopsy sensible gluten-free,Homo sapiens,Illumina MiSeq,Universidad Autonoma de Nuevo Leon,SRP116904,Remes-Troche Gluten sensitivity microbiota,SRS2495365,,11.29,1,130266,37777283,B10SEB,AMPLICON,METAGENOMIC,PCR
SRR6010808,AMPLICON,290,42863692,PRJNA401920,SAMN07611252,"MIMARKS.specimen,MIGS/MIMS/MIMARKS.human-gut",13364498,UNIVERSIDAD AUTONOMA DE NUEVO LEON,2/02/2017,public,"fastq,run.zq,sra","gs,ncbi,s3","gs.us-east1,ncbi.public,s3.us-east-1",Duodenum47,Duodenum,Duodenal biopsy,SRX3164643,Mexico,North America,Mexico,Humans,Illumina MiSeq,Not applicable,Not applicable,B26CRA,SINGLE,PCR,METAGENOMIC,Homo sapiens,ILLUMINA,2017-09-06T00:00:00Z,2017-09-06T19:04:00Z,1,B26CRA,SRP116904,Not applicable,SRX3164643,16S-Seq of Bacteria: Biopsy control gluten,Homo sapiens,Illumina MiSeq,Universidad Autonoma de Nuevo Leon,SRP116904,Remes-Troche Gluten sensitivity microbiota,SRS2495364,,12.75,1,147662,42863692,B26CRA,AMPLICON,METAGENOMIC,PCR
SRR6010809,AMPLICON,290,29854629,PRJNA401920,SAMN07611282,"MIMARKS.specimen,MIGS/MIMS/MIMARKS.human-gut",9277469,UNIVERSIDAD AUTONOMA DE NUEVO LEON,2/02/2017,public,"fastq,run.zq,sra","gs,ncbi,s3","gs.us-east1,ncbi.public,s3.us-east-1",Feces23,Feces,Fecal sample,SRX3164642,Mexico,North America,Mexico,Humans,Illumina MiSeq,Not applicable,Not applicable,F26CRA,SINGLE,PCR,METAGENOMIC,Homo sapiens,ILLUMINA,2017-09-06T00:00:00Z,2017-09-06T19:03:00Z,1,F26CRA,SRP116904,Not applicable,SRX3164642,16S-Seq of Bacteria: Feces control gluten,Homo sapiens,Illumina MiSeq,Universidad Autonoma de Nuevo Leon,SRP116904,Remes-Troche Gluten sensitivity microbiota,SRS2495363,,8.85,1,102598,29854629,F26CRA,AMPLICON,METAGENOMIC,PCR
SRR6010810,AMPLICON,291,27805058,PRJNA401920,SAMN07611267,"MIMARKS.specimen,MIGS/MIMS/MIMARKS.human-gut",8620368,UNIVERSIDAD AUTONOMA DE NUEVO LEON,2/02/2017,public,"fastq,run.zq,sra","gs,ncbi,s3","gs.us-east1,ncbi.public,s3.us-east-1",Feces8,Feces,Fecal sample,SRX3164641,Mexico,North America,Mexico,Humans,Illumina MiSeq,Not applicable,Not applicable,F9CLB,SINGLE,PCR,METAGENOMIC,Homo sapiens,ILLUMINA,2017-09-06T00:00:00Z,2017-09-06T19:04:00Z,1,F9CLB,SRP116904,Not applicable,SRX3164641,16S-Seq of Bacteria: Feces celiac gluten-free,Homo sapiens,Illumina MiSeq,Universidad Autonoma de Nuevo Leon,SRP116904,Remes-Troche Gluten sensitivity microbiota,SRS2495362,,8.22,1,95448,27805058,F9CLB,AMPLICON,METAGENOMIC,PCR
SRR6010811,AMPLICON,288,24382867,PRJNA401920,SAMN07611251,"MIMARKS.specimen,MIGS/MIMS/MIMARKS.human-gut",7643577,UNIVERSIDAD AUTONOMA DE NUEVO LEON,2/02/2017,public,"fastq,run.zq,sra","gs,ncbi,s3","gs.us-east1,ncbi.public,s3.us-east-1",Duodenum46,Duodenum,Duodenal biopsy,SRX3164640,Mexico,North America,Mexico,Humans,Illumina MiSeq,Not applicable,Not applicable,B25CRB,SINGLE,PCR,METAGENOMIC,Homo sapiens,ILLUMINA,2017-09-06T00:00:00Z,2017-09-06T19:03:00Z,1,B25CRB,SRP116904,Not applicable,SRX3164640,16S-Seq of Bacteria: Biopsy control gluten-free,Homo sapiens,Illumina MiSeq,Universidad Autonoma de Nuevo Leon,SRP116904,Remes-Troche Gluten sensitivity microbiota,SRS2495361,,7.29,1,84455,24382867,B25CRB,AMPLICON,METAGENOMIC,PCR
SRR6010812,AMPLICON,291,13771345,PRJNA401920,SAMN07611275,"MIMARKS.specimen,MIGS/MIMS/MIMARKS.human-gut",4307712,UNIVERSIDAD AUTONOMA DE NUEVO LEON,2/02/2017,public,"fastq,run.zq,sra","gs,ncbi,s3","gs.us-east1,ncbi.public,s3.us-east-1",Feces16,Feces,Fecal sample,SRX3164639,Mexico,North America,Mexico,Humans,Illumina MiSeq,Not applicable,Not applicable,F16CLB,SINGLE,PCR,METAGENOMIC,Homo sapiens,ILLUMINA,2017-09-06T00:00:00Z,2017-09-06T19:04:00Z,1,F16CLB,SRP116904,Not applicable,SRX3164639,16S-Seq of Bacteria: Feces celiac gluten-free,Homo sapiens,Illumina MiSeq,Universidad Autonoma de Nuevo Leon,SRP116904,Remes-Troche Gluten sensitivity microbiota,SRS2495360,,4.11,1,47253,13771345,F16CLB,AMPLICON,METAGENOMIC,PCR
SRR6010813,AMPLICON,290,27233752,PRJNA401920,SAMN07611278,"MIMARKS.specimen,MIGS/MIMS/MIMARKS.human-gut",8460912,UNIVERSIDAD AUTONOMA DE NUEVO LEON,2/02/2017,public,"fastq,run.zq,sra","gs,ncbi,s3","gs.us-east1,ncbi.public,s3.us-east-1",Feces19,Feces,Fecal sample,SRX3164638,Mexico,North America,Mexico,Humans,Illumina MiSeq,Not applicable,Not applicable,F18CLA,SINGLE,PCR,METAGENOMIC,Homo sapiens,ILLUMINA,2017-09-06T00:00:00Z,2017-09-06T19:04:00Z,1,F18CLA,SRP116904,Not applicable,SRX3164638,16S-Seq of Bacteria: Feces celiac gluten,Homo sapiens,Illumina MiSeq,Universidad Autonoma de Nuevo Leon,SRP116904,Remes-Troche Gluten sensitivity microbiota,SRS2495359,,8.07,1,93602,27233752,F18CLA,AMPLICON,METAGENOMIC,PCR
SRR6010814,AMPLICON,288,20043820,PRJNA401920,SAMN07611250,"MIMARKS.specimen,MIGS/MIMS/MIMARKS.human-gut",6292819,UNIVERSIDAD AUTONOMA DE NUEVO LEON,2/02/2017,public,"fastq,run.zq,sra","gs,ncbi,s3","gs.us-east1,ncbi.public,s3.us-east-1",Duodenum45,Duodenum,Duodenal biopsy,SRX3164637,Mexico,North America,Mexico,Humans,Illumina MiSeq,Not applicable,Not applicable,B25CRA,SINGLE,PCR,METAGENOMIC,Homo sapiens,ILLUMINA,2017-09-06T00:00:00Z,2017-09-06T19:04:00Z,1,B25CRA,SRP116904,Not applicable,SRX3164637,16S-Seq of Bacteria: Biopsy control gluten,Homo sapiens,Illumina MiSeq,Universidad Autonoma de Nuevo Leon,SRP116904,Remes-Troche Gluten sensitivity microbiota,SRS2495358,,6,1,69542,20043820,B25CRA,AMPLICON,METAGENOMIC,PCR
SRR6010815,AMPLICON,291,24250147,PRJNA401920,SAMN07611281,"MIMARKS.specimen,MIGS/MIMS/MIMARKS.human-gut",7568228,UNIVERSIDAD AUTONOMA DE NUEVO LEON,2/02/2017,public,"fastq,run.zq,sra","gs,ncbi,s3","gs.us-east1,ncbi.public,s3.us-east-1",Feces22,Feces,Fecal sample,SRX3164636,Mexico,North America,Mexico,Humans,Illumina MiSeq,Not applicable,Not applicable,F23CLB,SINGLE,PCR,METAGENOMIC,Homo sapiens,ILLUMINA,2017-09-06T00:00:00Z,2017-09-06T19:04:00Z,1,F23CLB,SRP116904,Not applicable,SRX3164636,16S-Seq of Bacteria: Feces celiac gluten-free,Homo sapiens,Illumina MiSeq,Universidad Autonoma de Nuevo Leon,SRP116904,Remes-Troche Gluten sensitivity microbiota,SRS2495357,,7.22,1,83241,24250147,F23CLB,AMPLICON,METAGENOMIC,PCR
SRR6010816,AMPLICON,290,29430876,PRJNA401920,SAMN07611269,"MIMARKS.specimen,MIGS/MIMS/MIMARKS.human-gut",9063761,UNIVERSIDAD AUTONOMA DE NUEVO LEON,2/02/2017,public,"fastq,run.zq,sra","gs,ncbi,s3","gs.us-east1,ncbi.public,s3.us-east-1",Feces10,Feces,Fecal sample,SRX3164635,Mexico,North America,Mexico,Humans,Illumina MiSeq,Not applicable,Not applicable,F10SEB,SINGLE,PCR,METAGENOMIC,Homo sapiens,ILLUMINA,2017-09-06T00:00:00Z,2017-09-06T19:04:00Z,1,F10SEB,SRP116904,Not applicable,SRX3164635,16S-Seq of Bacteria: Feces sensible gluten-free,Homo sapiens,Illumina MiSeq,Universidad Autonoma de Nuevo Leon,SRP116904,Remes-Troche Gluten sensitivity microbiota,SRS2495356,,8.64,1,101156,29430876,F10SEB,AMPLICON,METAGENOMIC,PCR
SRR6010817,AMPLICON,289,27763610,PRJNA401920,SAMN07611212,"MIMARKS.specimen,MIGS/MIMS/MIMARKS.human-gut",8630632,UNIVERSIDAD AUTONOMA DE NUEVO LEON,2/02/2017,public,"fastq,run.zq,sra","gs,ncbi,s3","gs.us-east1,ncbi.public,s3.us-east-1",Duodenum7,Duodenum,Duodenal biopsy,SRX3164634,Mexico,North America,Mexico,Humans,Illumina MiSeq,Not applicable,Not applicable,B18CLB,SINGLE,PCR,METAGENOMIC,Homo sapiens,ILLUMINA,2017-09-06T00:00:00Z,2017-09-06T19:04:00Z,1,B18CLB,SRP116904,Not applicable,SRX3164634,16S-Seq of Bacteria: Biopsy celiac gluten-free,Homo sapiens,Illumina MiSeq,Universidad Autonoma de Nuevo Leon,SRP116904,Remes-Troche Gluten sensitivity microbiota,SRS2495355,,8.23,1,95976,27763610,B18CLB,AMPLICON,METAGENOMIC,PCR
SRR6010818,AMPLICON,290,41257756,PRJNA401920,SAMN07611283,"MIMARKS.specimen,MIGS/MIMS/MIMARKS.human-gut",12719157,UNIVERSIDAD AUTONOMA DE NUEVO LEON,2/02/2017,public,"fastq,run.zq,sra","gs,ncbi,s3","gs.us-east1,ncbi.public,s3.us-east-1",Feces24,Feces,Fecal sample,SRX3164633,Mexico,North America,Mexico,Humans,Illumina MiSeq,Not applicable,Not applicable,F26CRB,SINGLE,PCR,METAGENOMIC,Homo sapiens,ILLUMINA,2017-09-06T00:00:00Z,2017-09-06T19:04:00Z,1,F26CRB,SRP116904,Not applicable,SRX3164633,16S-Seq of Bacteria: Feces control gluten-free,Homo sapiens,Illumina MiSeq,Universidad Autonoma de Nuevo Leon,SRP116904,Remes-Troche Gluten sensitivity microbiota,SRS2495354,,12.13,1,141984,41257756,F26CRB,AMPLICON,METAGENOMIC,PCR
SRR6010819,AMPLICON,290,35568591,PRJNA401920,SAMN07611280,"MIGS/MIMS/MIMARKS.human-gut,MIMARKS.specimen",11088222,UNIVERSIDAD AUTONOMA DE NUEVO LEON,2/02/2017,public,"fastq,run.zq,sra","gs,ncbi,s3","gs.us-east1,ncbi.public,s3.us-east-1",Feces21,Feces,Fecal sample,SRX3164632,Mexico,North America,Mexico,Humans,Illumina MiSeq,Not applicable,Not applicable,F25CRA,SINGLE,PCR,METAGENOMIC,Homo sapiens,ILLUMINA,2017-09-06T00:00:00Z,2017-09-06T19:04:00Z,1,F25CRA,SRP116904,Not applicable,SRX3164632,16S-Seq of Bacteria: Feces control gluten,Homo sapiens,Illumina MiSeq,Universidad Autonoma de Nuevo Leon,SRP116904,Remes-Troche Gluten sensitivity microbiota,SRS2495353,,10.57,1,122547,35568591,F25CRA,AMPLICON,METAGENOMIC,PCR
SRR6010820,AMPLICON,291,9916521,PRJNA401920,SAMN07611279,"MIMARKS.specimen,MIGS/MIMS/MIMARKS.human-gut",3140627,UNIVERSIDAD AUTONOMA DE NUEVO LEON,2/02/2017,public,"fastq,run.zq,sra","gs,ncbi,s3","gs.us-east1,ncbi.public,s3.us-east-1",Feces20,Feces,Fecal sample,SRX3164631,Mexico,North America,Mexico,Humans,Illumina MiSeq,Not applicable,Not applicable,F18CLB,SINGLE,PCR,METAGENOMIC,Homo sapiens,ILLUMINA,2017-09-06T00:00:00Z,2017-09-06T19:04:00Z,1,F18CLB,SRP116904,Not applicable,SRX3164631,16S-Seq of Bacteria: Feces celiac gluten-free,Homo sapiens,Illumina MiSeq,Universidad Autonoma de Nuevo Leon,SRP116904,Remes-Troche Gluten sensitivity microbiota,SRS2495352,,3,1,34028,9916521,F18CLB,AMPLICON,METAGENOMIC,PCR
SRR6010821,AMPLICON,291,27046210,PRJNA401920,SAMN07611273,"MIMARKS.specimen,MIGS/MIMS/MIMARKS.human-gut",8221183,UNIVERSIDAD AUTONOMA DE NUEVO LEON,2/02/2017,public,"fastq,run.zq,sra","gs,ncbi,s3","gs.us-east1,ncbi.public,s3.us-east-1",Feces14,Feces,Fecal sample,SRX3164630,Mexico,North America,Mexico,Humans,Illumina MiSeq,Not applicable,Not applicable,F15CRB,SINGLE,PCR,METAGENOMIC,Homo sapiens,ILLUMINA,2017-09-06T00:00:00Z,2017-09-06T19:04:00Z,1,F15CRB,SRP116904,Not applicable,SRX3164630,16S-Seq of Bacteria: Feces control gluten-free,Homo sapiens,Illumina MiSeq,Universidad Autonoma de Nuevo Leon,SRP116904,Remes-Troche Gluten sensitivity microbiota,SRS2495351,,7.84,1,92893,27046210,F15CRB,AMPLICON,METAGENOMIC,PCR
