Run,Assay Type,BioProject,BioSample,Bytes,Center Name,Collection_Date,Consent,DATASTORE filetype,DATASTORE provider,DATASTORE region,ENA-FIRST-PUBLIC (run),ENA_first_public,ENA-LAST-UPDATE (run),ENA_last_update,environment_(biome),environment_(feature),environment_(material),Experiment,external_id,geo_loc_name_country,geo_loc_name_country_continent,geographic_location_(country_and/or_sea),geographic_location_(latitude),geographic_location_(longitude),human_gut_environmental_package,INSDC_center_alias,INSDC_center_name,INSDC_first_public,INSDC_last_update,INSDC_status,Instrument,Investigation_type,Library Name,LibraryLayout,LibrarySelection,LibrarySource,Organism,Platform,project_name,ReleaseDate,create_date,version,Sample Name,Sample_Name,Sequencing_method,SRA Study,Submitter_Id,AvgSpotLen,Bases
ERR1551211,AMPLICON,PRJEB14943,SAMEA4358293,41763630,BIGEA,2014,public,"fastq,run.zq,sra","ena,gs,ncbi,s3","ena,gs.us-east1,ncbi.public,s3.us-east-1",2017-09-25,2017-09-25,2018-11-16,2016-10-21,human gut,organic material,faeces,ERX1621981,SAMEA4358293,Slovenia,Europe,Slovenia,46,15,human-gut,BiGeA,BiGeA,2017-09-25T17:03:14Z,2016-10-21T09:38:06Z,public,Illumina MiSeq,metagenome,unspecified,PAIRED,PCR,METAGENOMIC,uncultured bacterium,ILLUMINA,Effect of Bifidobacterium breve on the intestinal microbiota of coeliac children on a gluten free diet,2017-09-26T00:00:00Z,2017-09-26T09:25:00Z,1,SAMEA4358293,1A,Illumina MiSeq,ERP016623,1A,595,59853763
ERR1551212,AMPLICON,PRJEB14943,SAMEA4358294,19633325,BIGEA,2014,public,"fastq,run.zq,sra","ena,gs,ncbi,s3","ena,gs.us-east1,ncbi.public,s3.us-east-1",2017-09-25,2017-09-25,2018-11-16,2016-10-21,human gut,organic material,faeces,ERX1621982,SAMEA4358294,Slovenia,Europe,Slovenia,46,15,human-gut,BiGeA,BiGeA,2017-09-25T17:03:14Z,2016-10-21T09:38:06Z,public,Illumina MiSeq,metagenome,unspecified,PAIRED,PCR,METAGENOMIC,uncultured bacterium,ILLUMINA,Effect of Bifidobacterium breve on the intestinal microbiota of coeliac children on a gluten free diet,2017-09-26T00:00:00Z,2017-09-26T07:48:00Z,1,SAMEA4358294,4A,Illumina MiSeq,ERP016623,4A,596,28070986
ERR1551213,AMPLICON,PRJEB14943,SAMEA4358295,16093193,BIGEA,2014,public,"run.zq,sra,fastq","ena,gs,ncbi,s3","ena,gs.us-east1,ncbi.public,s3.us-east-1",2017-09-25,2017-09-25,2018-11-16,2016-10-21,human gut,organic material,faeces,ERX1621983,SAMEA4358295,Slovenia,Europe,Slovenia,46,15,human-gut,BiGeA,BiGeA,2017-09-25T17:03:14Z,2016-10-21T09:38:06Z,public,Illumina MiSeq,metagenome,unspecified,PAIRED,PCR,METAGENOMIC,uncultured bacterium,ILLUMINA,Effect of Bifidobacterium breve on the intestinal microbiota of coeliac children on a gluten free diet,2017-09-26T00:00:00Z,2017-12-06T01:29:00Z,2,SAMEA4358295,5A,Illumina MiSeq,ERP016623,5A,,
ERR1551214,AMPLICON,PRJEB14943,SAMEA4358296,19085469,BIGEA,2014,public,"fastq,run.zq,sra","ena,gs,ncbi,s3","ena,gs.us-east1,ncbi.public,s3.us-east-1",2017-09-25,2017-09-25,2018-11-16,2016-10-21,human gut,organic material,faeces,ERX1621984,SAMEA4358296,Slovenia,Europe,Slovenia,46,15,human-gut,BiGeA,BiGeA,2017-09-25T17:03:14Z,2016-10-21T09:38:06Z,public,Illumina MiSeq,metagenome,unspecified,PAIRED,PCR,METAGENOMIC,uncultured bacterium,ILLUMINA,Effect of Bifidobacterium breve on the intestinal microbiota of coeliac children on a gluten free diet,2017-09-26T00:00:00Z,2017-09-26T07:49:00Z,1,SAMEA4358296,8A,Illumina MiSeq,ERP016623,8A,591,27619483
ERR1551215,AMPLICON,PRJEB14943,SAMEA4358297,34904347,BIGEA,2014,public,"fastq,run.zq,sra","ena,gs,ncbi,s3","ena,gs.us-east1,ncbi.public,s3.us-east-1",2017-09-25,2017-09-25,2018-11-16,2016-10-21,human gut,organic material,faeces,ERX1621985,SAMEA4358297,Slovenia,Europe,Slovenia,46,15,human-gut,BiGeA,BiGeA,2017-09-25T17:03:14Z,2016-10-21T09:38:06Z,public,Illumina MiSeq,metagenome,unspecified,PAIRED,PCR,METAGENOMIC,uncultured bacterium,ILLUMINA,Effect of Bifidobacterium breve on the intestinal microbiota of coeliac children on a gluten free diet,2017-09-26T00:00:00Z,2017-09-26T07:49:00Z,1,SAMEA4358297,9A,Illumina MiSeq,ERP016623,9A,594,50559227
ERR1551216,AMPLICON,PRJEB14943,SAMEA4358298,23031570,BIGEA,2014,public,"fastq,run.zq,sra","ena,gs,ncbi,s3","ena,gs.us-east1,ncbi.public,s3.us-east-1",2017-09-25,2017-09-25,2018-11-16,2016-10-21,human gut,organic material,faeces,ERX1621986,SAMEA4358298,Slovenia,Europe,Slovenia,46,15,human-gut,BiGeA,BiGeA,2017-09-25T17:03:14Z,2016-10-21T09:38:06Z,public,Illumina MiSeq,metagenome,unspecified,PAIRED,PCR,METAGENOMIC,uncultured bacterium,ILLUMINA,Effect of Bifidobacterium breve on the intestinal microbiota of coeliac children on a gluten free diet,2017-09-26T00:00:00Z,2017-09-26T07:49:00Z,1,SAMEA4358298,12A,Illumina MiSeq,ERP016623,12A,596,32803529
ERR1551217,AMPLICON,PRJEB14943,SAMEA4358299,28394684,BIGEA,2014,public,"fastq,run.zq,sra","ena,gs,ncbi,s3","ena,gs.us-east1,ncbi.public,s3.us-east-1",2017-09-25,2017-09-25,2018-11-16,2016-10-21,human gut,organic material,faeces,ERX1621987,SAMEA4358299,Slovenia,Europe,Slovenia,46,15,human-gut,BiGeA,BiGeA,2017-09-25T17:03:14Z,2016-10-21T09:38:06Z,public,Illumina MiSeq,metagenome,unspecified,PAIRED,PCR,METAGENOMIC,uncultured bacterium,ILLUMINA,Effect of Bifidobacterium breve on the intestinal microbiota of coeliac children on a gluten free diet,2017-09-26T00:00:00Z,2017-09-26T07:49:00Z,1,SAMEA4358299,15A,Illumina MiSeq,ERP016623,15A,595,40636134
ERR1551218,AMPLICON,PRJEB14943,SAMEA4358300,46366379,BIGEA,2014,public,"fastq,run.zq,sra","ena,gs,ncbi,s3","ena,gs.us-east1,ncbi.public,s3.us-east-1",2017-09-25,2017-09-25,2018-11-16,2016-10-21,human gut,organic material,faeces,ERX1621988,SAMEA4358300,Slovenia,Europe,Slovenia,46,15,human-gut,BiGeA,BiGeA,2017-09-25T17:03:14Z,2016-10-21T09:38:06Z,public,Illumina MiSeq,metagenome,unspecified,PAIRED,PCR,METAGENOMIC,uncultured bacterium,ILLUMINA,Effect of Bifidobacterium breve on the intestinal microbiota of coeliac children on a gluten free diet,2017-09-26T00:00:00Z,2017-09-26T07:49:00Z,1,SAMEA4358300,16A,Illumina MiSeq,ERP016623,16A,597,66026891
ERR1551219,AMPLICON,PRJEB14943,SAMEA4358301,9300387,BIGEA,2014,public,"fastq,run.zq,sra","ena,gs,ncbi,s3","ena,gs.us-east1,ncbi.public,s3.us-east-1",2017-09-25,2017-09-25,2018-11-16,2016-10-21,human gut,organic material,faeces,ERX1621989,SAMEA4358301,Slovenia,Europe,Slovenia,46,15,human-gut,BiGeA,BiGeA,2017-09-25T17:03:14Z,2016-10-21T09:38:06Z,public,Illumina MiSeq,metagenome,unspecified,PAIRED,PCR,METAGENOMIC,uncultured bacterium,ILLUMINA,Effect of Bifidobacterium breve on the intestinal microbiota of coeliac children on a gluten free diet,2017-09-26T00:00:00Z,2017-09-26T07:49:00Z,1,SAMEA4358301,19A,Illumina MiSeq,ERP016623,19A,592,13457321
ERR1551220,AMPLICON,PRJEB14943,SAMEA4358302,13015452,BIGEA,2014,public,"fastq,run.zq,sra","ena,gs,ncbi,s3","ena,gs.us-east1,ncbi.public,s3.us-east-1",2017-09-25,2017-09-25,2018-11-16,2016-10-21,human gut,organic material,faeces,ERX1621990,SAMEA4358302,Slovenia,Europe,Slovenia,46,15,human-gut,BiGeA,BiGeA,2017-09-25T17:03:14Z,2016-10-21T09:38:06Z,public,Illumina MiSeq,metagenome,unspecified,PAIRED,PCR,METAGENOMIC,uncultured bacterium,ILLUMINA,Effect of Bifidobacterium breve on the intestinal microbiota of coeliac children on a gluten free diet,2017-09-26T00:00:00Z,2017-09-26T07:50:00Z,1,SAMEA4358302,23A,Illumina MiSeq,ERP016623,23A,592,18573334
ERR1551221,AMPLICON,PRJEB14943,SAMEA4358303,35990694,BIGEA,2014,public,"fastq,run.zq,sra","ena,gs,ncbi,s3","ena,gs.us-east1,ncbi.public,s3.us-east-1",2017-09-25,2017-09-25,2018-11-16,2016-10-21,human gut,organic material,faeces,ERX1621991,SAMEA4358303,Slovenia,Europe,Slovenia,46,15,human-gut,BiGeA,BiGeA,2017-09-25T17:03:14Z,2016-10-21T09:38:06Z,public,Illumina MiSeq,metagenome,unspecified,PAIRED,PCR,METAGENOMIC,uncultured bacterium,ILLUMINA,Effect of Bifidobacterium breve on the intestinal microbiota of coeliac children on a gluten free diet,2017-09-26T00:00:00Z,2017-09-26T07:50:00Z,1,SAMEA4358303,24A,Illumina MiSeq,ERP016623,24A,596,51917530
ERR1551222,AMPLICON,PRJEB14943,SAMEA4358304,20076930,BIGEA,2014,public,"fastq,run.zq,sra","ena,gs,ncbi,s3","ena,gs.us-east1,ncbi.public,s3.us-east-1",2017-09-25,2017-09-25,2018-11-16,2016-10-21,human gut,organic material,faeces,ERX1621992,SAMEA4358304,Slovenia,Europe,Slovenia,46,15,human-gut,BiGeA,BiGeA,2017-09-25T17:03:14Z,2016-10-21T09:38:06Z,public,Illumina MiSeq,metagenome,unspecified,PAIRED,PCR,METAGENOMIC,uncultured bacterium,ILLUMINA,Effect of Bifidobacterium breve on the intestinal microbiota of coeliac children on a gluten free diet,2017-09-26T00:00:00Z,2017-09-26T07:50:00Z,1,SAMEA4358304,30A,Illumina MiSeq,ERP016623,30A,593,29048121
ERR1551223,AMPLICON,PRJEB14943,SAMEA4358305,27963698,BIGEA,2014,public,"fastq,run.zq,sra","ena,gs,ncbi,s3","ena,gs.us-east1,ncbi.public,s3.us-east-1",2017-09-25,2017-09-25,2018-11-16,2016-10-21,human gut,organic material,faeces,ERX1621993,SAMEA4358305,Slovenia,Europe,Slovenia,46,15,human-gut,BiGeA,BiGeA,2017-09-25T17:03:14Z,2016-10-21T09:38:06Z,public,Illumina MiSeq,metagenome,unspecified,PAIRED,PCR,METAGENOMIC,uncultured bacterium,ILLUMINA,Effect of Bifidobacterium breve on the intestinal microbiota of coeliac children on a gluten free diet,2017-09-26T00:00:00Z,2017-09-26T07:50:00Z,1,SAMEA4358305,34A,Illumina MiSeq,ERP016623,34A,591,40600899
ERR1551224,AMPLICON,PRJEB14943,SAMEA4358306,23578005,BIGEA,2014,public,"fastq,run.zq,sra","ena,gs,ncbi,s3","ena,gs.us-east1,ncbi.public,s3.us-east-1",2017-09-25,2017-09-25,2018-11-16,2016-10-21,human gut,organic material,faeces,ERX1621994,SAMEA4358306,Slovenia,Europe,Slovenia,46,15,human-gut,BiGeA,BiGeA,2017-09-25T17:03:14Z,2016-10-21T09:38:06Z,public,Illumina MiSeq,metagenome,unspecified,PAIRED,PCR,METAGENOMIC,uncultured bacterium,ILLUMINA,Effect of Bifidobacterium breve on the intestinal microbiota of coeliac children on a gluten free diet,2017-09-26T00:00:00Z,2017-09-26T07:50:00Z,1,SAMEA4358306,35A,Illumina MiSeq,ERP016623,35A,594,34186615
ERR1551225,AMPLICON,PRJEB14943,SAMEA4358307,83737603,BIGEA,2014,public,"fastq,run.zq,sra","ena,gs,ncbi,s3","ena,gs.us-east1,ncbi.public,s3.us-east-1",2017-09-25,2017-09-25,2018-11-16,2016-10-21,human gut,organic material,faeces,ERX1621995,SAMEA4358307,Slovenia,Europe,Slovenia,46,15,human-gut,BiGeA,BiGeA,2017-09-25T17:03:14Z,2016-10-21T09:38:06Z,public,Illumina MiSeq,metagenome,unspecified,PAIRED,PCR,METAGENOMIC,uncultured bacterium,ILLUMINA,Effect of Bifidobacterium breve on the intestinal microbiota of coeliac children on a gluten free diet,2017-09-26T00:00:00Z,2017-09-26T07:50:00Z,1,SAMEA4358307,41A,Illumina MiSeq,ERP016623,41A,596,122294670
ERR1551226,AMPLICON,PRJEB14943,SAMEA4358308,11176426,BIGEA,2014,public,"fastq,run.zq,sra","ena,gs,ncbi,s3","ena,gs.us-east1,ncbi.public,s3.us-east-1",2017-09-25,2017-09-25,2018-11-16,2016-10-21,human gut,organic material,faeces,ERX1621996,SAMEA4358308,Slovenia,Europe,Slovenia,46,15,human-gut,BiGeA,BiGeA,2017-09-25T17:03:14Z,2016-10-21T09:38:06Z,public,Illumina MiSeq,metagenome,unspecified,PAIRED,PCR,METAGENOMIC,uncultured bacterium,ILLUMINA,Effect of Bifidobacterium breve on the intestinal microbiota of coeliac children on a gluten free diet,2017-09-26T00:00:00Z,2017-09-26T07:50:00Z,1,SAMEA4358308,42A,Illumina MiSeq,ERP016623,42A,589,16100065
ERR1551227,AMPLICON,PRJEB14943,SAMEA4358309,54738258,BIGEA,2014,public,"fastq,run.zq,sra","ena,gs,ncbi,s3","ena,gs.us-east1,ncbi.public,s3.us-east-1",2017-09-25,2017-09-25,2018-11-16,2016-10-21,human gut,organic material,faeces,ERX1621997,SAMEA4358309,Slovenia,Europe,Slovenia,46,15,human-gut,BiGeA,BiGeA,2017-09-25T17:03:14Z,2016-10-21T09:38:06Z,public,Illumina MiSeq,metagenome,unspecified,PAIRED,PCR,METAGENOMIC,uncultured bacterium,ILLUMINA,Effect of Bifidobacterium breve on the intestinal microbiota of coeliac children on a gluten free diet,2017-09-26T00:00:00Z,2017-09-26T07:50:00Z,1,SAMEA4358309,45A,Illumina MiSeq,ERP016623,45A,595,79959401
ERR1551228,AMPLICON,PRJEB14943,SAMEA4358310,44623287,BIGEA,2014,public,"fastq,run.zq,sra","ena,gs,ncbi,s3","ena,gs.us-east1,ncbi.public,s3.us-east-1",2017-09-25,2017-09-25,2018-11-16,2016-10-21,human gut,organic material,faeces,ERX1621998,SAMEA4358310,Slovenia,Europe,Slovenia,46,15,human-gut,BiGeA,BiGeA,2017-09-25T17:03:14Z,2016-10-21T09:38:06Z,public,Illumina MiSeq,metagenome,unspecified,PAIRED,PCR,METAGENOMIC,uncultured bacterium,ILLUMINA,Effect of Bifidobacterium breve on the intestinal microbiota of coeliac children on a gluten free diet,2017-09-26T00:00:00Z,2017-09-26T07:50:00Z,1,SAMEA4358310,46A,Illumina MiSeq,ERP016623,46A,596,64489350
ERR1551229,AMPLICON,PRJEB14943,SAMEA4358311,29622941,BIGEA,2014,public,"fastq,run.zq,sra","ena,gs,ncbi,s3","ena,gs.us-east1,ncbi.public,s3.us-east-1",2017-09-25,2017-09-25,2018-11-16,2016-10-21,human gut,organic material,faeces,ERX1621999,SAMEA4358311,Slovenia,Europe,Slovenia,46,15,human-gut,BiGeA,BiGeA,2017-09-25T17:03:14Z,2016-10-21T09:38:06Z,public,Illumina MiSeq,metagenome,unspecified,PAIRED,PCR,METAGENOMIC,uncultured bacterium,ILLUMINA,Effect of Bifidobacterium breve on the intestinal microbiota of coeliac children on a gluten free diet,2017-09-26T00:00:00Z,2017-09-26T07:51:00Z,1,SAMEA4358311,50A,Illumina MiSeq,ERP016623,50A,595,42542030
ERR1551230,AMPLICON,PRJEB14943,SAMEA4358312,41716509,BIGEA,2014,public,"fastq,run.zq,sra","ena,gs,ncbi,s3","ena,gs.us-east1,ncbi.public,s3.us-east-1",2017-09-25,2017-09-25,2018-11-16,2016-10-21,human gut,organic material,faeces,ERX1622000,SAMEA4358312,Slovenia,Europe,Slovenia,46,15,human-gut,BiGeA,BiGeA,2017-09-25T17:03:14Z,2016-10-21T09:38:06Z,public,Illumina MiSeq,metagenome,unspecified,PAIRED,PCR,METAGENOMIC,uncultured bacterium,ILLUMINA,Effect of Bifidobacterium breve on the intestinal microbiota of coeliac children on a gluten free diet,2017-09-26T00:00:00Z,2017-09-26T07:51:00Z,1,SAMEA4358312,55A,Illumina MiSeq,ERP016623,55A,595,58694496
ERR1551231,AMPLICON,PRJEB14943,SAMEA4358313,19718145,BIGEA,2014,public,"fastq,run.zq,sra","ena,gs,ncbi,s3","ena,gs.us-east1,ncbi.public,s3.us-east-1",2017-09-25,2017-09-25,2018-11-16,2016-10-21,human gut,organic material,faeces,ERX1622001,SAMEA4358313,Slovenia,Europe,Slovenia,46,15,human-gut,BiGeA,BiGeA,2017-09-25T17:03:14Z,2016-10-21T09:38:06Z,public,Illumina MiSeq,metagenome,unspecified,PAIRED,PCR,METAGENOMIC,uncultured bacterium,ILLUMINA,Effect of Bifidobacterium breve on the intestinal microbiota of coeliac children on a gluten free diet,2017-09-26T00:00:00Z,2017-12-06T01:29:00Z,2,SAMEA4358313,1B,Illumina MiSeq,ERP016623,1B,,
ERR1551232,AMPLICON,PRJEB14943,SAMEA4358314,41490139,BIGEA,2014,public,"fastq,run.zq,sra","ena,gs,ncbi,s3","ena,gs.us-east1,ncbi.public,s3.us-east-1",2017-09-25,2017-09-25,2018-11-16,2016-10-21,human gut,organic material,faeces,ERX1622002,SAMEA4358314,Slovenia,Europe,Slovenia,46,15,human-gut,BiGeA,BiGeA,2017-09-25T17:03:14Z,2016-10-21T09:38:06Z,public,Illumina MiSeq,metagenome,unspecified,PAIRED,PCR,METAGENOMIC,uncultured bacterium,ILLUMINA,Effect of Bifidobacterium breve on the intestinal microbiota of coeliac children on a gluten free diet,2017-09-26T00:00:00Z,2017-12-06T01:29:00Z,2,SAMEA4358314,4B,Illumina MiSeq,ERP016623,4B,,
ERR1551233,AMPLICON,PRJEB14943,SAMEA4358315,42698670,BIGEA,2014,public,"fastq,run.zq,sra","ena,gs,ncbi,s3","ena,gs.us-east1,ncbi.public,s3.us-east-1",2017-09-25,2017-09-25,2018-11-16,2016-10-21,human gut,organic material,faeces,ERX1622003,SAMEA4358315,Slovenia,Europe,Slovenia,46,15,human-gut,BiGeA,BiGeA,2017-09-25T17:03:14Z,2016-10-21T09:38:06Z,public,Illumina MiSeq,metagenome,unspecified,PAIRED,PCR,METAGENOMIC,uncultured bacterium,ILLUMINA,Effect of Bifidobacterium breve on the intestinal microbiota of coeliac children on a gluten free diet,2017-09-26T00:00:00Z,2022-07-17T05:52:00Z,2,SAMEA4358315,5B,Illumina MiSeq,ERP016623,5B,598,61281725
ERR1551234,AMPLICON,PRJEB14943,SAMEA4358316,44145090,BIGEA,2014,public,"fastq,run.zq,sra","ena,gs,ncbi,s3","ena,gs.us-east1,ncbi.public,s3.us-east-1",2017-09-25,2017-09-25,2018-11-16,2016-10-21,human gut,organic material,faeces,ERX1622004,SAMEA4358316,Slovenia,Europe,Slovenia,46,15,human-gut,BiGeA,BiGeA,2017-09-25T17:03:14Z,2016-10-21T09:38:06Z,public,Illumina MiSeq,metagenome,unspecified,PAIRED,PCR,METAGENOMIC,uncultured bacterium,ILLUMINA,Effect of Bifidobacterium breve on the intestinal microbiota of coeliac children on a gluten free diet,2017-09-26T00:00:00Z,2022-07-18T01:29:00Z,2,SAMEA4358316,8B,Illumina MiSeq,ERP016623,8B,598,63942223
ERR1551235,AMPLICON,PRJEB14943,SAMEA4358317,42347331,BIGEA,2014,public,"fastq,run.zq,sra","ena,gs,ncbi,s3","ena,gs.us-east1,ncbi.public,s3.us-east-1",2017-09-25,2017-09-25,2018-11-16,2016-10-21,human gut,organic material,faeces,ERX1622005,SAMEA4358317,Slovenia,Europe,Slovenia,46,15,human-gut,BiGeA,BiGeA,2017-09-25T17:03:14Z,2016-10-21T09:38:06Z,public,Illumina MiSeq,metagenome,unspecified,PAIRED,PCR,METAGENOMIC,uncultured bacterium,ILLUMINA,Effect of Bifidobacterium breve on the intestinal microbiota of coeliac children on a gluten free diet,2017-09-26T00:00:00Z,2022-07-21T11:55:00Z,2,SAMEA4358317,9B,Illumina MiSeq,ERP016623,9B,597,61223065
ERR1551236,AMPLICON,PRJEB14943,SAMEA4358318,40234780,BIGEA,2014,public,"fastq,run.zq,sra","ena,gs,ncbi,s3","ena,gs.us-east1,ncbi.public,s3.us-east-1",2017-09-25,2017-09-25,2018-11-16,2016-10-21,human gut,organic material,faeces,ERX1622006,SAMEA4358318,Slovenia,Europe,Slovenia,46,15,human-gut,BiGeA,BiGeA,2017-09-25T17:03:14Z,2016-10-21T09:38:06Z,public,Illumina MiSeq,metagenome,unspecified,PAIRED,PCR,METAGENOMIC,uncultured bacterium,ILLUMINA,Effect of Bifidobacterium breve on the intestinal microbiota of coeliac children on a gluten free diet,2017-09-26T00:00:00Z,2022-07-14T08:08:00Z,2,SAMEA4358318,12B,Illumina MiSeq,ERP016623,12B,598,58865908
ERR1551237,AMPLICON,PRJEB14943,SAMEA4358319,57687465,BIGEA,2014,public,"fastq,run.zq,sra","ena,gs,ncbi,s3","ena,gs.us-east1,ncbi.public,s3.us-east-1",2017-09-25,2017-09-25,2018-11-16,2016-10-21,human gut,organic material,faeces,ERX1622007,SAMEA4358319,Slovenia,Europe,Slovenia,46,15,human-gut,BiGeA,BiGeA,2017-09-25T17:03:14Z,2016-10-21T09:38:06Z,public,Illumina MiSeq,metagenome,unspecified,PAIRED,PCR,METAGENOMIC,uncultured bacterium,ILLUMINA,Effect of Bifidobacterium breve on the intestinal microbiota of coeliac children on a gluten free diet,2017-09-26T00:00:00Z,2022-07-12T16:15:00Z,2,SAMEA4358319,15B,Illumina MiSeq,ERP016623,15B,598,83763348
ERR1551238,AMPLICON,PRJEB14943,SAMEA4358320,25574831,BIGEA,2014,public,"fastq,run.zq,sra","ena,gs,ncbi,s3","ena,gs.us-east1,ncbi.public,s3.us-east-1",2017-09-25,2017-09-25,2018-11-16,2016-10-21,human gut,organic material,faeces,ERX1622008,SAMEA4358320,Slovenia,Europe,Slovenia,46,15,human-gut,BiGeA,BiGeA,2017-09-25T17:03:14Z,2016-10-21T09:38:06Z,public,Illumina MiSeq,metagenome,unspecified,PAIRED,PCR,METAGENOMIC,uncultured bacterium,ILLUMINA,Effect of Bifidobacterium breve on the intestinal microbiota of coeliac children on a gluten free diet,2017-09-26T00:00:00Z,2022-07-23T16:03:00Z,2,SAMEA4358320,16B,Illumina MiSeq,ERP016623,16B,598,37316511
ERR1551239,AMPLICON,PRJEB14943,SAMEA4358321,93360464,BIGEA,2014,public,"fastq,run.zq,sra","ena,gs,ncbi,s3","ena,gs.us-east1,ncbi.public,s3.us-east-1",2017-09-25,2017-09-25,2018-11-16,2016-10-21,human gut,organic material,faeces,ERX1622009,SAMEA4358321,Slovenia,Europe,Slovenia,46,15,human-gut,BiGeA,BiGeA,2017-09-25T17:03:14Z,2016-10-21T09:38:06Z,public,Illumina MiSeq,metagenome,unspecified,PAIRED,PCR,METAGENOMIC,uncultured bacterium,ILLUMINA,Effect of Bifidobacterium breve on the intestinal microbiota of coeliac children on a gluten free diet,2017-09-26T00:00:00Z,2022-07-15T22:30:00Z,2,SAMEA4358321,19B,Illumina MiSeq,ERP016623,19B,598,137199405
ERR1551240,AMPLICON,PRJEB14943,SAMEA4358322,46599519,BIGEA,2014,public,"fastq,run.zq,sra","ena,gs,ncbi,s3","ena,gs.us-east1,ncbi.public,s3.us-east-1",2017-09-25,2017-09-25,2018-11-16,2016-10-21,human gut,organic material,faeces,ERX1622010,SAMEA4358322,Slovenia,Europe,Slovenia,46,15,human-gut,BiGeA,BiGeA,2017-09-25T17:03:14Z,2016-10-21T09:38:06Z,public,Illumina MiSeq,metagenome,unspecified,PAIRED,PCR,METAGENOMIC,uncultured bacterium,ILLUMINA,Effect of Bifidobacterium breve on the intestinal microbiota of coeliac children on a gluten free diet,2017-09-26T00:00:00Z,2022-07-23T00:48:00Z,2,SAMEA4358322,23B,Illumina MiSeq,ERP016623,23B,598,67710363
ERR1551241,AMPLICON,PRJEB14943,SAMEA4358323,58586047,BIGEA,2014,public,"fastq,run.zq,sra","ena,gs,ncbi,s3","ena,gs.us-east1,ncbi.public,s3.us-east-1",2017-09-25,2017-09-25,2018-11-16,2016-10-21,human gut,organic material,faeces,ERX1622011,SAMEA4358323,Slovenia,Europe,Slovenia,46,15,human-gut,BiGeA,BiGeA,2017-09-25T17:03:14Z,2016-10-21T09:38:06Z,public,Illumina MiSeq,metagenome,unspecified,PAIRED,PCR,METAGENOMIC,uncultured bacterium,ILLUMINA,Effect of Bifidobacterium breve on the intestinal microbiota of coeliac children on a gluten free diet,2017-09-26T00:00:00Z,2022-07-23T16:03:00Z,2,SAMEA4358323,24B,Illumina MiSeq,ERP016623,24B,597,85751164
ERR1551242,AMPLICON,PRJEB14943,SAMEA4358324,74756185,BIGEA,2014,public,"fastq,run.zq,sra","ena,gs,ncbi,s3","ena,gs.us-east1,ncbi.public,s3.us-east-1",2017-09-25,2017-09-25,2018-11-16,2016-10-21,human gut,organic material,faeces,ERX1622012,SAMEA4358324,Slovenia,Europe,Slovenia,46,15,human-gut,BiGeA,BiGeA,2017-09-25T17:03:14Z,2016-10-21T09:38:06Z,public,Illumina MiSeq,metagenome,unspecified,PAIRED,PCR,METAGENOMIC,uncultured bacterium,ILLUMINA,Effect of Bifidobacterium breve on the intestinal microbiota of coeliac children on a gluten free diet,2017-09-26T00:00:00Z,2022-07-17T18:15:00Z,2,SAMEA4358324,30B,Illumina MiSeq,ERP016623,30B,597,108101058
ERR1551243,AMPLICON,PRJEB14943,SAMEA4358325,9426977,BIGEA,2014,public,"fastq,run.zq,sra","ena,gs,ncbi,s3","ena,gs.us-east1,ncbi.public,s3.us-east-1",2017-09-25,2017-09-25,2018-11-16,2016-10-21,human gut,organic material,faeces,ERX1622013,SAMEA4358325,Slovenia,Europe,Slovenia,46,15,human-gut,BiGeA,BiGeA,2017-09-25T17:03:14Z,2016-10-21T09:38:06Z,public,Illumina MiSeq,metagenome,unspecified,PAIRED,PCR,METAGENOMIC,uncultured bacterium,ILLUMINA,Effect of Bifidobacterium breve on the intestinal microbiota of coeliac children on a gluten free diet,2017-09-26T00:00:00Z,2022-07-17T10:57:00Z,2,SAMEA4358325,34B,Illumina MiSeq,ERP016623,34B,598,13743397
ERR1551244,AMPLICON,PRJEB14943,SAMEA4358326,34568798,BIGEA,2014,public,"fastq,run.zq,sra","ena,gs,ncbi,s3","ena,gs.us-east1,ncbi.public,s3.us-east-1",2017-09-25,2017-09-25,2018-11-16,2016-10-21,human gut,organic material,faeces,ERX1622014,SAMEA4358326,Slovenia,Europe,Slovenia,46,15,human-gut,BiGeA,BiGeA,2017-09-25T17:03:14Z,2016-10-21T09:38:06Z,public,Illumina MiSeq,metagenome,unspecified,PAIRED,PCR,METAGENOMIC,uncultured bacterium,ILLUMINA,Effect of Bifidobacterium breve on the intestinal microbiota of coeliac children on a gluten free diet,2017-09-26T00:00:00Z,2022-07-23T16:02:00Z,2,SAMEA4358326,35B,Illumina MiSeq,ERP016623,35B,598,50077548
ERR1551245,AMPLICON,PRJEB14943,SAMEA4358327,115906120,BIGEA,2014,public,"fastq,run.zq,sra","ena,gs,ncbi,s3","ena,gs.us-east1,ncbi.public,s3.us-east-1",2017-09-25,2017-09-25,2018-11-16,2016-10-21,human gut,organic material,faeces,ERX1622015,SAMEA4358327,Slovenia,Europe,Slovenia,46,15,human-gut,BiGeA,BiGeA,2017-09-25T17:03:14Z,2016-10-21T09:38:06Z,public,Illumina MiSeq,metagenome,unspecified,PAIRED,PCR,METAGENOMIC,uncultured bacterium,ILLUMINA,Effect of Bifidobacterium breve on the intestinal microbiota of coeliac children on a gluten free diet,2017-09-26T00:00:00Z,2022-07-14T09:57:00Z,2,SAMEA4358327,41B,Illumina MiSeq,ERP016623,41B,598,168428956
ERR1551246,AMPLICON,PRJEB14943,SAMEA4358328,50050461,BIGEA,2014,public,"fastq,run.zq,sra","ena,gs,ncbi,s3","ena,gs.us-east1,ncbi.public,s3.us-east-1",2017-09-25,2017-09-25,2018-11-16,2016-10-21,human gut,organic material,faeces,ERX1622016,SAMEA4358328,Slovenia,Europe,Slovenia,46,15,human-gut,BiGeA,BiGeA,2017-09-25T17:03:14Z,2016-10-21T09:38:06Z,public,Illumina MiSeq,metagenome,unspecified,PAIRED,PCR,METAGENOMIC,uncultured bacterium,ILLUMINA,Effect of Bifidobacterium breve on the intestinal microbiota of coeliac children on a gluten free diet,2017-09-26T00:00:00Z,2022-07-21T13:55:00Z,2,SAMEA4358328,42B,Illumina MiSeq,ERP016623,42B,597,71407945
ERR1551247,AMPLICON,PRJEB14943,SAMEA4358329,74900876,BIGEA,2014,public,"fastq,run.zq,sra","ena,gs,ncbi,s3","ena,gs.us-east1,ncbi.public,s3.us-east-1",2017-09-25,2017-09-25,2018-11-16,2016-10-21,human gut,organic material,faeces,ERX1622017,SAMEA4358329,Slovenia,Europe,Slovenia,46,15,human-gut,BiGeA,BiGeA,2017-09-25T17:03:14Z,2016-10-21T09:38:06Z,public,Illumina MiSeq,metagenome,unspecified,PAIRED,PCR,METAGENOMIC,uncultured bacterium,ILLUMINA,Effect of Bifidobacterium breve on the intestinal microbiota of coeliac children on a gluten free diet,2017-09-26T00:00:00Z,2017-09-26T07:52:00Z,1,SAMEA4358329,45B,Illumina MiSeq,ERP016623,45B,597,105666759
ERR1551248,AMPLICON,PRJEB14943,SAMEA4358330,59354176,BIGEA,2014,public,"fastq,run.zq,sra","ena,gs,ncbi,s3","ena,gs.us-east1,ncbi.public,s3.us-east-1",2017-09-25,2017-09-25,2018-11-16,2016-10-21,human gut,organic material,faeces,ERX1622018,SAMEA4358330,Slovenia,Europe,Slovenia,46,15,human-gut,BiGeA,BiGeA,2017-09-25T17:03:14Z,2016-10-21T09:38:06Z,public,Illumina MiSeq,metagenome,unspecified,PAIRED,PCR,METAGENOMIC,uncultured bacterium,ILLUMINA,Effect of Bifidobacterium breve on the intestinal microbiota of coeliac children on a gluten free diet,2017-09-26T00:00:00Z,2022-07-15T08:15:00Z,2,SAMEA4358330,46B,Illumina MiSeq,ERP016623,46B,597,83857611
ERR1551249,AMPLICON,PRJEB14943,SAMEA4358331,92548529,BIGEA,2014,public,"fastq,run.zq,sra","ena,gs,ncbi,s3","ena,gs.us-east1,ncbi.public,s3.us-east-1",2017-09-25,2017-09-25,2018-11-16,2016-10-21,human gut,organic material,faeces,ERX1622019,SAMEA4358331,Slovenia,Europe,Slovenia,46,15,human-gut,BiGeA,BiGeA,2017-09-25T17:03:14Z,2016-10-21T09:38:06Z,public,Illumina MiSeq,metagenome,unspecified,PAIRED,PCR,METAGENOMIC,uncultured bacterium,ILLUMINA,Effect of Bifidobacterium breve on the intestinal microbiota of coeliac children on a gluten free diet,2017-09-26T00:00:00Z,2022-07-22T08:29:00Z,2,SAMEA4358331,50B,Illumina MiSeq,ERP016623,50B,598,130986773
ERR1551250,AMPLICON,PRJEB14943,SAMEA4358332,4087274,BIGEA,2014,public,"fastq,run.zq,sra","ena,gs,ncbi,s3","ena,gs.us-east1,ncbi.public,s3.us-east-1",2017-09-25,2017-09-25,2018-11-16,2016-10-21,human gut,organic material,faeces,ERX1622020,SAMEA4358332,Slovenia,Europe,Slovenia,46,15,human-gut,BiGeA,BiGeA,2017-09-25T17:03:14Z,2016-10-21T09:38:06Z,public,Illumina MiSeq,metagenome,unspecified,PAIRED,PCR,METAGENOMIC,uncultured bacterium,ILLUMINA,Effect of Bifidobacterium breve on the intestinal microbiota of coeliac children on a gluten free diet,2017-09-26T00:00:00Z,2022-07-23T16:02:00Z,2,SAMEA4358332,55B,Illumina MiSeq,ERP016623,55B,598,5607854
ERR1551251,AMPLICON,PRJEB14943,SAMEA4358333,20580689,BIGEA,2014,public,"fastq,run.zq,sra","ena,gs,ncbi,s3","ena,gs.us-east1,ncbi.public,s3.us-east-1",2017-09-25,2017-09-25,2018-11-16,2016-10-21,human gut,organic material,faeces,ERX1622021,SAMEA4358333,Slovenia,Europe,Slovenia,46,15,human-gut,BiGeA,BiGeA,2017-09-25T17:03:14Z,2016-10-21T09:38:06Z,public,Illumina MiSeq,metagenome,unspecified,PAIRED,PCR,METAGENOMIC,uncultured bacterium,ILLUMINA,Effect of Bifidobacterium breve on the intestinal microbiota of coeliac children on a gluten free diet,2017-09-26T00:00:00Z,2022-07-21T18:02:00Z,2,SAMEA4358333,2A,Illumina MiSeq,ERP016623,2A,597,29269437
ERR1551252,AMPLICON,PRJEB14943,SAMEA4358334,50359336,BIGEA,2014,public,"fastq,run.zq,sra","ena,gs,ncbi,s3","ena,gs.us-east1,ncbi.public,s3.us-east-1",2017-09-25,2017-09-25,2018-11-16,2016-10-21,human gut,organic material,faeces,ERX1622022,SAMEA4358334,Slovenia,Europe,Slovenia,46,15,human-gut,BiGeA,BiGeA,2017-09-25T17:03:14Z,2016-10-21T09:38:06Z,public,Illumina MiSeq,metagenome,unspecified,PAIRED,PCR,METAGENOMIC,uncultured bacterium,ILLUMINA,Effect of Bifidobacterium breve on the intestinal microbiota of coeliac children on a gluten free diet,2017-09-26T00:00:00Z,2022-07-23T16:03:00Z,2,SAMEA4358334,6A,Illumina MiSeq,ERP016623,6A,598,70144099
ERR1551253,AMPLICON,PRJEB14943,SAMEA4358335,8619246,BIGEA,2014,public,"fastq,run.zq,sra","ena,gs,ncbi,s3","ena,gs.us-east1,ncbi.public,s3.us-east-1",2017-09-25,2017-09-25,2018-11-16,2016-10-21,human gut,organic material,faeces,ERX1622023,SAMEA4358335,Slovenia,Europe,Slovenia,46,15,human-gut,BiGeA,BiGeA,2017-09-25T17:03:14Z,2016-10-21T09:38:06Z,public,Illumina MiSeq,metagenome,unspecified,PAIRED,PCR,METAGENOMIC,uncultured bacterium,ILLUMINA,Effect of Bifidobacterium breve on the intestinal microbiota of coeliac children on a gluten free diet,2017-09-26T00:00:00Z,2022-07-23T16:03:00Z,2,SAMEA4358335,7A,Illumina MiSeq,ERP016623,7A,598,12077526
ERR1551254,AMPLICON,PRJEB14943,SAMEA4358336,778920515,BIGEA,2014,public,"fastq,run.zq,sra","ena,gs,ncbi,s3","ena,gs.us-east1,ncbi.public,s3.us-east-1",2017-09-25,2017-09-25,2018-11-16,2016-10-21,human gut,organic material,faeces,ERX1622024,SAMEA4358336,Slovenia,Europe,Slovenia,46,15,human-gut,BiGeA,BiGeA,2017-09-25T17:03:14Z,2016-10-21T09:38:06Z,public,Illumina MiSeq,metagenome,unspecified,PAIRED,PCR,METAGENOMIC,uncultured bacterium,ILLUMINA,Effect of Bifidobacterium breve on the intestinal microbiota of coeliac children on a gluten free diet,2017-09-26T00:00:00Z,2022-07-18T00:56:00Z,2,SAMEA4358336,10A,Illumina MiSeq,ERP016623,10A,597,1111569614
ERR1551255,AMPLICON,PRJEB14943,SAMEA4358337,1248794,BIGEA,2014,public,"fastq,run.zq,sra","ena,gs,ncbi,s3","ena,gs.us-east1,ncbi.public,s3.us-east-1",2017-09-25,2017-09-25,2018-11-16,2016-10-21,human gut,organic material,faeces,ERX1622025,SAMEA4358337,Slovenia,Europe,Slovenia,46,15,human-gut,BiGeA,BiGeA,2017-09-25T17:03:14Z,2016-10-21T09:38:06Z,public,Illumina MiSeq,metagenome,unspecified,PAIRED,PCR,METAGENOMIC,uncultured bacterium,ILLUMINA,Effect of Bifidobacterium breve on the intestinal microbiota of coeliac children on a gluten free diet,2017-09-26T00:00:00Z,2022-07-23T16:02:00Z,2,SAMEA4358337,11A,Illumina MiSeq,ERP016623,11A,598,1636333
ERR1551256,AMPLICON,PRJEB14943,SAMEA4358338,25741067,BIGEA,2014,public,"fastq,run.zq,sra","ena,gs,ncbi,s3","ena,gs.us-east1,ncbi.public,s3.us-east-1",2017-09-25,2017-09-25,2018-11-16,2016-10-21,human gut,organic material,faeces,ERX1622026,SAMEA4358338,Slovenia,Europe,Slovenia,46,15,human-gut,BiGeA,BiGeA,2017-09-25T17:03:14Z,2016-10-21T09:38:06Z,public,Illumina MiSeq,metagenome,unspecified,PAIRED,PCR,METAGENOMIC,uncultured bacterium,ILLUMINA,Effect of Bifidobacterium breve on the intestinal microbiota of coeliac children on a gluten free diet,2017-09-26T00:00:00Z,2022-07-15T05:48:00Z,2,SAMEA4358338,13A,Illumina MiSeq,ERP016623,13A,598,36016046
ERR1551257,AMPLICON,PRJEB14943,SAMEA4358339,8980180,BIGEA,2014,public,"fastq,run.zq,sra","ena,gs,ncbi,s3","ena,gs.us-east1,ncbi.public,s3.us-east-1",2017-09-25,2017-09-25,2018-11-16,2016-10-21,human gut,organic material,faeces,ERX1622027,SAMEA4358339,Slovenia,Europe,Slovenia,46,15,human-gut,BiGeA,BiGeA,2017-09-25T17:03:14Z,2016-10-21T09:38:06Z,public,Illumina MiSeq,metagenome,unspecified,PAIRED,PCR,METAGENOMIC,uncultured bacterium,ILLUMINA,Effect of Bifidobacterium breve on the intestinal microbiota of coeliac children on a gluten free diet,2017-09-26T00:00:00Z,2022-07-18T00:53:00Z,2,SAMEA4358339,14A,Illumina MiSeq,ERP016623,14A,598,12444928
ERR1551258,AMPLICON,PRJEB14943,SAMEA4358340,29953264,BIGEA,2014,public,"fastq,run.zq,sra","ena,gs,ncbi,s3","ena,gs.us-east1,ncbi.public,s3.us-east-1",2017-09-25,2017-09-25,2018-11-16,2016-10-21,human gut,organic material,faeces,ERX1622028,SAMEA4358340,Slovenia,Europe,Slovenia,46,15,human-gut,BiGeA,BiGeA,2017-09-25T17:03:14Z,2016-10-21T09:38:06Z,public,Illumina MiSeq,metagenome,unspecified,PAIRED,PCR,METAGENOMIC,uncultured bacterium,ILLUMINA,Effect of Bifidobacterium breve on the intestinal microbiota of coeliac children on a gluten free diet,2017-09-26T00:00:00Z,2022-07-22T12:50:00Z,2,SAMEA4358340,17A,Illumina MiSeq,ERP016623,17A,598,42371706
ERR1551259,AMPLICON,PRJEB14943,SAMEA4358341,48614292,BIGEA,2014,public,"fastq,run.zq,sra","ena,gs,ncbi,s3","ena,gs.us-east1,ncbi.public,s3.us-east-1",2017-09-25,2017-09-25,2018-11-16,2016-10-21,human gut,organic material,faeces,ERX1622029,SAMEA4358341,Slovenia,Europe,Slovenia,46,15,human-gut,BiGeA,BiGeA,2017-09-25T17:03:14Z,2016-10-21T09:38:06Z,public,Illumina MiSeq,metagenome,unspecified,PAIRED,PCR,METAGENOMIC,uncultured bacterium,ILLUMINA,Effect of Bifidobacterium breve on the intestinal microbiota of coeliac children on a gluten free diet,2017-09-26T00:00:00Z,2022-07-13T09:17:00Z,2,SAMEA4358341,18A,Illumina MiSeq,ERP016623,18A,598,70675195
ERR1551260,AMPLICON,PRJEB14943,SAMEA4358342,28797885,BIGEA,2014,public,"fastq,run.zq,sra","ena,gs,ncbi,s3","ena,gs.us-east1,ncbi.public,s3.us-east-1",2017-09-25,2017-09-25,2018-11-16,2016-10-21,human gut,organic material,faeces,ERX1622030,SAMEA4358342,Slovenia,Europe,Slovenia,46,15,human-gut,BiGeA,BiGeA,2017-09-25T17:03:14Z,2016-10-21T09:38:06Z,public,Illumina MiSeq,metagenome,unspecified,PAIRED,PCR,METAGENOMIC,uncultured bacterium,ILLUMINA,Effect of Bifidobacterium breve on the intestinal microbiota of coeliac children on a gluten free diet,2017-09-26T00:00:00Z,2022-07-23T16:03:00Z,2,SAMEA4358342,21A,Illumina MiSeq,ERP016623,21A,597,41844353
ERR1551261,AMPLICON,PRJEB14943,SAMEA4358343,36798737,BIGEA,2014,public,"fastq,run.zq,sra","ena,gs,ncbi,s3","ena,gs.us-east1,ncbi.public,s3.us-east-1",2017-09-25,2017-09-25,2018-11-16,2016-10-21,human gut,organic material,faeces,ERX1622031,SAMEA4358343,Slovenia,Europe,Slovenia,46,15,human-gut,BiGeA,BiGeA,2017-09-25T17:03:14Z,2016-10-21T09:38:06Z,public,Illumina MiSeq,metagenome,unspecified,PAIRED,PCR,METAGENOMIC,uncultured bacterium,ILLUMINA,Effect of Bifidobacterium breve on the intestinal microbiota of coeliac children on a gluten free diet,2017-09-26T00:00:00Z,2022-07-23T16:03:00Z,2,SAMEA4358343,26A,Illumina MiSeq,ERP016623,26A,598,52987516
ERR1551262,AMPLICON,PRJEB14943,SAMEA4358344,43733970,BIGEA,2014,public,"fastq,run.zq,sra","ena,gs,ncbi,s3","ena,gs.us-east1,ncbi.public,s3.us-east-1",2017-09-25,2017-09-25,2018-11-16,2016-10-21,human gut,organic material,faeces,ERX1622032,SAMEA4358344,Slovenia,Europe,Slovenia,46,15,human-gut,BiGeA,BiGeA,2017-09-25T17:03:14Z,2016-10-21T09:38:06Z,public,Illumina MiSeq,metagenome,unspecified,PAIRED,PCR,METAGENOMIC,uncultured bacterium,ILLUMINA,Effect of Bifidobacterium breve on the intestinal microbiota of coeliac children on a gluten free diet,2017-09-26T00:00:00Z,2022-07-13T09:17:00Z,2,SAMEA4358344,28A,Illumina MiSeq,ERP016623,28A,597,61288685
ERR1551263,AMPLICON,PRJEB14943,SAMEA4358345,75985733,BIGEA,2014,public,"fastq,run.zq,sra","ena,gs,ncbi,s3","ena,gs.us-east1,ncbi.public,s3.us-east-1",2017-09-25,2017-09-25,2018-11-16,2016-10-21,human gut,organic material,faeces,ERX1622033,SAMEA4358345,Slovenia,Europe,Slovenia,46,15,human-gut,BiGeA,BiGeA,2017-09-25T17:03:14Z,2016-10-21T09:38:06Z,public,Illumina MiSeq,metagenome,unspecified,PAIRED,PCR,METAGENOMIC,uncultured bacterium,ILLUMINA,Effect of Bifidobacterium breve on the intestinal microbiota of coeliac children on a gluten free diet,2017-09-26T00:00:00Z,2022-07-20T15:58:00Z,2,SAMEA4358345,32A,Illumina MiSeq,ERP016623,32A,598,109211972
ERR1551264,AMPLICON,PRJEB14943,SAMEA4358346,38709073,BIGEA,2014,public,"fastq,run.zq,sra","ena,gs,ncbi,s3","ena,gs.us-east1,ncbi.public,s3.us-east-1",2017-09-25,2017-09-25,2018-11-16,2016-10-21,human gut,organic material,faeces,ERX1622034,SAMEA4358346,Slovenia,Europe,Slovenia,46,15,human-gut,BiGeA,BiGeA,2017-09-25T17:03:14Z,2016-10-21T09:38:06Z,public,Illumina MiSeq,metagenome,unspecified,PAIRED,PCR,METAGENOMIC,uncultured bacterium,ILLUMINA,Effect of Bifidobacterium breve on the intestinal microbiota of coeliac children on a gluten free diet,2017-09-26T00:00:00Z,2022-07-23T16:03:00Z,2,SAMEA4358346,37A,Illumina MiSeq,ERP016623,37A,597,56375402
ERR1551265,AMPLICON,PRJEB14943,SAMEA4358347,27495229,BIGEA,2014,public,"fastq,run.zq,sra","ena,gs,ncbi,s3","ena,gs.us-east1,ncbi.public,s3.us-east-1",2017-09-25,2017-09-25,2018-11-16,2016-10-21,human gut,organic material,faeces,ERX1622035,SAMEA4358347,Slovenia,Europe,Slovenia,46,15,human-gut,BiGeA,BiGeA,2017-09-25T17:03:14Z,2016-10-21T09:38:06Z,public,Illumina MiSeq,metagenome,unspecified,PAIRED,PCR,METAGENOMIC,uncultured bacterium,ILLUMINA,Effect of Bifidobacterium breve on the intestinal microbiota of coeliac children on a gluten free diet,2017-09-26T00:00:00Z,2022-07-17T08:58:00Z,2,SAMEA4358347,39A,Illumina MiSeq,ERP016623,39A,598,39740983
ERR1551266,AMPLICON,PRJEB14943,SAMEA4358348,69490536,BIGEA,2014,public,"fastq,run.zq,sra","ena,gs,ncbi,s3","ena,gs.us-east1,ncbi.public,s3.us-east-1",2017-09-25,2017-09-25,2018-11-16,2016-10-21,human gut,organic material,faeces,ERX1622036,SAMEA4358348,Slovenia,Europe,Slovenia,46,15,human-gut,BiGeA,BiGeA,2017-09-25T17:03:14Z,2016-10-21T09:38:06Z,public,Illumina MiSeq,metagenome,unspecified,PAIRED,PCR,METAGENOMIC,uncultured bacterium,ILLUMINA,Effect of Bifidobacterium breve on the intestinal microbiota of coeliac children on a gluten free diet,2017-09-26T00:00:00Z,2022-07-17T10:57:00Z,2,SAMEA4358348,43A,Illumina MiSeq,ERP016623,43A,597,100590524
ERR1551267,AMPLICON,PRJEB14943,SAMEA4358349,20303323,BIGEA,2014,public,"fastq,run.zq,sra","ena,gs,ncbi,s3","ena,gs.us-east1,ncbi.public,s3.us-east-1",2017-09-25,2017-09-25,2018-11-16,2016-10-21,human gut,organic material,faeces,ERX1622037,SAMEA4358349,Slovenia,Europe,Slovenia,46,15,human-gut,BiGeA,BiGeA,2017-09-25T17:03:14Z,2016-10-21T09:38:06Z,public,Illumina MiSeq,metagenome,unspecified,PAIRED,PCR,METAGENOMIC,uncultured bacterium,ILLUMINA,Effect of Bifidobacterium breve on the intestinal microbiota of coeliac children on a gluten free diet,2017-09-26T00:00:00Z,2022-07-23T16:02:00Z,2,SAMEA4358349,44A,Illumina MiSeq,ERP016623,44A,598,29867881
ERR1551268,AMPLICON,PRJEB14943,SAMEA4358350,43335323,BIGEA,2014,public,"fastq,run.zq,sra","ena,gs,ncbi,s3","ena,gs.us-east1,ncbi.public,s3.us-east-1",2017-09-25,2017-09-25,2018-11-16,2016-10-21,human gut,organic material,faeces,ERX1622038,SAMEA4358350,Slovenia,Europe,Slovenia,46,15,human-gut,BiGeA,BiGeA,2017-09-25T17:03:14Z,2016-10-21T09:38:06Z,public,Illumina MiSeq,metagenome,unspecified,PAIRED,PCR,METAGENOMIC,uncultured bacterium,ILLUMINA,Effect of Bifidobacterium breve on the intestinal microbiota of coeliac children on a gluten free diet,2017-09-26T00:00:00Z,2022-07-15T08:15:00Z,2,SAMEA4358350,48A,Illumina MiSeq,ERP016623,48A,598,61870901
ERR1551269,AMPLICON,PRJEB14943,SAMEA4358351,2863234,BIGEA,2014,public,"fastq,run.zq,sra","ena,gs,ncbi,s3","ena,gs.us-east1,ncbi.public,s3.us-east-1",2017-09-25,2017-09-25,2018-11-16,2016-10-21,human gut,organic material,faeces,ERX1622039,SAMEA4358351,Slovenia,Europe,Slovenia,46,15,human-gut,BiGeA,BiGeA,2017-09-25T17:03:14Z,2016-10-21T09:38:06Z,public,Illumina MiSeq,metagenome,unspecified,PAIRED,PCR,METAGENOMIC,uncultured bacterium,ILLUMINA,Effect of Bifidobacterium breve on the intestinal microbiota of coeliac children on a gluten free diet,2017-09-26T00:00:00Z,2022-07-22T01:12:00Z,2,SAMEA4358351,51A,Illumina MiSeq,ERP016623,51A,598,3949217
ERR1551270,AMPLICON,PRJEB14943,SAMEA4358352,39177561,BIGEA,2014,public,"fastq,run.zq,sra","ena,gs,ncbi,s3","ena,gs.us-east1,ncbi.public,s3.us-east-1",2017-09-25,2017-09-25,2018-11-16,2016-10-21,human gut,organic material,faeces,ERX1622040,SAMEA4358352,Slovenia,Europe,Slovenia,46,15,human-gut,BiGeA,BiGeA,2017-09-25T17:03:14Z,2016-10-21T09:38:07Z,public,Illumina MiSeq,metagenome,unspecified,PAIRED,PCR,METAGENOMIC,uncultured bacterium,ILLUMINA,Effect of Bifidobacterium breve on the intestinal microbiota of coeliac children on a gluten free diet,2017-09-26T00:00:00Z,2022-07-22T15:58:00Z,2,SAMEA4358352,52A,Illumina MiSeq,ERP016623,52A,598,56090876
ERR1551271,AMPLICON,PRJEB14943,SAMEA4358353,49789845,BIGEA,2014,public,"fastq,run.zq,sra","ena,gs,ncbi,s3","ena,gs.us-east1,ncbi.public,s3.us-east-1",2017-09-25,2017-09-25,2018-11-16,2016-10-21,human gut,organic material,faeces,ERX1622041,SAMEA4358353,Slovenia,Europe,Slovenia,46,15,human-gut,BiGeA,BiGeA,2017-09-25T17:03:14Z,2016-10-21T09:38:07Z,public,Illumina MiSeq,metagenome,unspecified,PAIRED,PCR,METAGENOMIC,uncultured bacterium,ILLUMINA,Effect of Bifidobacterium breve on the intestinal microbiota of coeliac children on a gluten free diet,2017-09-26T00:00:00Z,2022-07-17T16:51:00Z,2,SAMEA4358353,2B,Illumina MiSeq,ERP016623,2B,598,71751629
ERR1551272,AMPLICON,PRJEB14943,SAMEA4358354,44243372,BIGEA,2014,public,"fastq,run.zq,sra","ena,gs,ncbi,s3","ena,gs.us-east1,ncbi.public,s3.us-east-1",2017-09-25,2017-09-25,2018-11-16,2016-10-21,human gut,organic material,faeces,ERX1622042,SAMEA4358354,Slovenia,Europe,Slovenia,46,15,human-gut,BiGeA,BiGeA,2017-09-25T17:03:14Z,2016-10-21T09:38:07Z,public,Illumina MiSeq,metagenome,unspecified,PAIRED,PCR,METAGENOMIC,uncultured bacterium,ILLUMINA,Effect of Bifidobacterium breve on the intestinal microbiota of coeliac children on a gluten free diet,2017-09-26T00:00:00Z,2022-07-23T16:03:00Z,2,SAMEA4358354,6B,Illumina MiSeq,ERP016623,6B,598,63238246
ERR1551273,AMPLICON,PRJEB14943,SAMEA4358355,46051544,BIGEA,2014,public,"fastq,run.zq,sra","ena,gs,ncbi,s3","ena,gs.us-east1,ncbi.public,s3.us-east-1",2017-09-25,2017-09-25,2018-11-16,2016-10-21,human gut,organic material,faeces,ERX1622043,SAMEA4358355,Slovenia,Europe,Slovenia,46,15,human-gut,BiGeA,BiGeA,2017-09-25T17:03:14Z,2016-10-21T09:38:07Z,public,Illumina MiSeq,metagenome,unspecified,PAIRED,PCR,METAGENOMIC,uncultured bacterium,ILLUMINA,Effect of Bifidobacterium breve on the intestinal microbiota of coeliac children on a gluten free diet,2017-09-26T00:00:00Z,2017-09-26T07:55:00Z,1,SAMEA4358355,7B,Illumina MiSeq,ERP016623,7B,598,65854936
ERR1551274,AMPLICON,PRJEB14943,SAMEA4358356,44976672,BIGEA,2014,public,"fastq,run.zq,sra","ena,gs,ncbi,s3","ena,gs.us-east1,ncbi.public,s3.us-east-1",2017-09-25,2017-09-25,2018-11-16,2016-10-21,human gut,organic material,faeces,ERX1622044,SAMEA4358356,Slovenia,Europe,Slovenia,46,15,human-gut,BiGeA,BiGeA,2017-09-25T17:03:14Z,2016-10-21T09:38:07Z,public,Illumina MiSeq,metagenome,unspecified,PAIRED,PCR,METAGENOMIC,uncultured bacterium,ILLUMINA,Effect of Bifidobacterium breve on the intestinal microbiota of coeliac children on a gluten free diet,2017-09-26T00:00:00Z,2022-07-21T17:04:00Z,2,SAMEA4358356,10B,Illumina MiSeq,ERP016623,10B,598,65775754
ERR1551275,AMPLICON,PRJEB14943,SAMEA4358357,39077894,BIGEA,2014,public,"fastq,run.zq,sra","ena,gs,ncbi,s3","ena,gs.us-east1,ncbi.public,s3.us-east-1",2017-09-25,2017-09-25,2018-11-16,2016-10-21,human gut,organic material,faeces,ERX1622045,SAMEA4358357,Slovenia,Europe,Slovenia,46,15,human-gut,BiGeA,BiGeA,2017-09-25T17:03:14Z,2016-10-21T09:38:07Z,public,Illumina MiSeq,metagenome,unspecified,PAIRED,PCR,METAGENOMIC,uncultured bacterium,ILLUMINA,Effect of Bifidobacterium breve on the intestinal microbiota of coeliac children on a gluten free diet,2017-09-26T00:00:00Z,2022-07-17T14:06:00Z,2,SAMEA4358357,11B,Illumina MiSeq,ERP016623,11B,598,56731191
ERR1551276,AMPLICON,PRJEB14943,SAMEA4358358,66594665,BIGEA,2014,public,"fastq,run.zq,sra","ena,gs,ncbi,s3","ena,gs.us-east1,ncbi.public,s3.us-east-1",2017-09-25,2017-09-25,2018-11-16,2016-10-21,human gut,organic material,faeces,ERX1622046,SAMEA4358358,Slovenia,Europe,Slovenia,46,15,human-gut,BiGeA,BiGeA,2017-09-25T17:03:14Z,2016-10-21T09:38:07Z,public,Illumina MiSeq,metagenome,unspecified,PAIRED,PCR,METAGENOMIC,uncultured bacterium,ILLUMINA,Effect of Bifidobacterium breve on the intestinal microbiota of coeliac children on a gluten free diet,2017-09-26T00:00:00Z,2022-07-14T08:53:00Z,2,SAMEA4358358,13B,Illumina MiSeq,ERP016623,13B,598,95551611
ERR1551277,AMPLICON,PRJEB14943,SAMEA4358359,47203597,BIGEA,2014,public,"fastq,run.zq,sra","ena,gs,ncbi,s3","ena,gs.us-east1,ncbi.public,s3.us-east-1",2017-09-25,2017-09-25,2018-11-16,2016-10-21,human gut,organic material,faeces,ERX1622047,SAMEA4358359,Slovenia,Europe,Slovenia,46,15,human-gut,BiGeA,BiGeA,2017-09-25T17:03:14Z,2016-10-21T09:38:07Z,public,Illumina MiSeq,metagenome,unspecified,PAIRED,PCR,METAGENOMIC,uncultured bacterium,ILLUMINA,Effect of Bifidobacterium breve on the intestinal microbiota of coeliac children on a gluten free diet,2017-09-26T00:00:00Z,2022-07-21T04:09:00Z,2,SAMEA4358359,14B,Illumina MiSeq,ERP016623,14B,598,68579049
ERR1551278,AMPLICON,PRJEB14943,SAMEA4358360,56994096,BIGEA,2014,public,"fastq,run.zq,sra","ena,gs,ncbi,s3","ena,gs.us-east1,ncbi.public,s3.us-east-1",2017-09-25,2017-09-25,2018-11-16,2016-10-21,human gut,organic material,faeces,ERX1622048,SAMEA4358360,Slovenia,Europe,Slovenia,46,15,human-gut,BiGeA,BiGeA,2017-09-25T17:03:14Z,2016-10-21T09:38:07Z,public,Illumina MiSeq,metagenome,unspecified,PAIRED,PCR,METAGENOMIC,uncultured bacterium,ILLUMINA,Effect of Bifidobacterium breve on the intestinal microbiota of coeliac children on a gluten free diet,2017-09-26T00:00:00Z,2022-07-22T16:54:00Z,2,SAMEA4358360,17B,Illumina MiSeq,ERP016623,17B,598,81677916
ERR1551279,AMPLICON,PRJEB14943,SAMEA4358361,24467259,BIGEA,2014,public,"fastq,run.zq,sra","ena,gs,ncbi,s3","ena,gs.us-east1,ncbi.public,s3.us-east-1",2017-09-25,2017-09-25,2018-11-16,2016-10-21,human gut,organic material,faeces,ERX1622049,SAMEA4358361,Slovenia,Europe,Slovenia,46,15,human-gut,BiGeA,BiGeA,2017-09-25T17:03:14Z,2016-10-21T09:38:07Z,public,Illumina MiSeq,metagenome,unspecified,PAIRED,PCR,METAGENOMIC,uncultured bacterium,ILLUMINA,Effect of Bifidobacterium breve on the intestinal microbiota of coeliac children on a gluten free diet,2017-09-26T00:00:00Z,2022-07-14T06:13:00Z,2,SAMEA4358361,18B,Illumina MiSeq,ERP016623,18B,598,35729085
ERR1551280,AMPLICON,PRJEB14943,SAMEA4358362,40115396,BIGEA,2014,public,"fastq,run.zq,sra","ena,gs,ncbi,s3","ena,gs.us-east1,ncbi.public,s3.us-east-1",2017-09-25,2017-09-25,2018-11-16,2016-10-21,human gut,organic material,faeces,ERX1622050,SAMEA4358362,Slovenia,Europe,Slovenia,46,15,human-gut,BiGeA,BiGeA,2017-09-25T17:03:14Z,2016-10-21T09:38:07Z,public,Illumina MiSeq,metagenome,unspecified,PAIRED,PCR,METAGENOMIC,uncultured bacterium,ILLUMINA,Effect of Bifidobacterium breve on the intestinal microbiota of coeliac children on a gluten free diet,2017-09-26T00:00:00Z,2017-09-26T07:56:00Z,1,SAMEA4358362,21B,Illumina MiSeq,ERP016623,21B,597,57622378
ERR1551281,AMPLICON,PRJEB14943,SAMEA4358363,56434712,BIGEA,2014,public,"fastq,run.zq,sra","ena,gs,ncbi,s3","ena,gs.us-east1,ncbi.public,s3.us-east-1",2017-09-25,2017-09-25,2018-11-16,2016-10-21,human gut,organic material,faeces,ERX1622051,SAMEA4358363,Slovenia,Europe,Slovenia,46,15,human-gut,BiGeA,BiGeA,2017-09-25T17:03:14Z,2016-10-21T09:38:07Z,public,Illumina MiSeq,metagenome,unspecified,PAIRED,PCR,METAGENOMIC,uncultured bacterium,ILLUMINA,Effect of Bifidobacterium breve on the intestinal microbiota of coeliac children on a gluten free diet,2017-09-26T00:00:00Z,2022-07-23T16:03:00Z,2,SAMEA4358363,26B,Illumina MiSeq,ERP016623,26B,597,81969691
ERR1551282,AMPLICON,PRJEB14943,SAMEA4358364,67832841,BIGEA,2014,public,"fastq,run.zq,sra","ena,gs,ncbi,s3","ena,gs.us-east1,ncbi.public,s3.us-east-1",2017-09-25,2017-09-25,2018-11-16,2016-10-21,human gut,organic material,faeces,ERX1622052,SAMEA4358364,Slovenia,Europe,Slovenia,46,15,human-gut,BiGeA,BiGeA,2017-09-25T17:03:14Z,2016-10-21T09:38:07Z,public,Illumina MiSeq,metagenome,unspecified,PAIRED,PCR,METAGENOMIC,uncultured bacterium,ILLUMINA,Effect of Bifidobacterium breve on the intestinal microbiota of coeliac children on a gluten free diet,2017-09-26T00:00:00Z,2022-07-13T20:21:00Z,2,SAMEA4358364,28B,Illumina MiSeq,ERP016623,28B,597,98422393
ERR1551283,AMPLICON,PRJEB14943,SAMEA4358365,55046763,BIGEA,2014,public,"fastq,run.zq,sra","ena,gs,ncbi,s3","ena,gs.us-east1,ncbi.public,s3.us-east-1",2017-09-25,2017-09-25,2018-11-16,2016-10-21,human gut,organic material,faeces,ERX1622053,SAMEA4358365,Slovenia,Europe,Slovenia,46,15,human-gut,BiGeA,BiGeA,2017-09-25T17:03:14Z,2016-10-21T09:38:07Z,public,Illumina MiSeq,metagenome,unspecified,PAIRED,PCR,METAGENOMIC,uncultured bacterium,ILLUMINA,Effect of Bifidobacterium breve on the intestinal microbiota of coeliac children on a gluten free diet,2017-09-26T00:00:00Z,2017-12-06T01:30:00Z,2,SAMEA4358365,32B,Illumina MiSeq,ERP016623,32B,,
ERR1551284,AMPLICON,PRJEB14943,SAMEA4358366,37207753,BIGEA,2014,public,"fastq,run.zq,sra","ena,gs,ncbi,s3","ena,gs.us-east1,ncbi.public,s3.us-east-1",2017-09-25,2017-09-25,2018-11-16,2016-10-21,human gut,organic material,faeces,ERX1622054,SAMEA4358366,Slovenia,Europe,Slovenia,46,15,human-gut,BiGeA,BiGeA,2017-09-25T17:03:14Z,2016-10-21T09:38:07Z,public,Illumina MiSeq,metagenome,unspecified,PAIRED,PCR,METAGENOMIC,uncultured bacterium,ILLUMINA,Effect of Bifidobacterium breve on the intestinal microbiota of coeliac children on a gluten free diet,2017-09-26T00:00:00Z,2017-12-06T01:29:00Z,2,SAMEA4358366,37B,Illumina MiSeq,ERP016623,37B,,
ERR1551285,AMPLICON,PRJEB14943,SAMEA4358367,43153828,BIGEA,2014,public,"fastq,run.zq,sra","ena,gs,ncbi,s3","ena,gs.us-east1,ncbi.public,s3.us-east-1",2017-09-25,2017-09-25,2018-11-16,2016-10-21,human gut,organic material,faeces,ERX1622055,SAMEA4358367,Slovenia,Europe,Slovenia,46,15,human-gut,BiGeA,BiGeA,2017-09-25T17:03:14Z,2016-10-21T09:38:07Z,public,Illumina MiSeq,metagenome,unspecified,PAIRED,PCR,METAGENOMIC,uncultured bacterium,ILLUMINA,Effect of Bifidobacterium breve on the intestinal microbiota of coeliac children on a gluten free diet,2017-09-26T00:00:00Z,2017-12-06T01:29:00Z,2,SAMEA4358367,39B,Illumina MiSeq,ERP016623,39B,,
ERR1551286,AMPLICON,PRJEB14943,SAMEA4358368,35965614,BIGEA,2014,public,"fastq,run.zq,sra","ena,gs,ncbi,s3","ena,gs.us-east1,ncbi.public,s3.us-east-1",2017-09-25,2017-09-25,2018-11-16,2016-10-21,human gut,organic material,faeces,ERX1622056,SAMEA4358368,Slovenia,Europe,Slovenia,46,15,human-gut,BiGeA,BiGeA,2017-09-25T17:03:14Z,2016-10-21T09:38:07Z,public,Illumina MiSeq,metagenome,unspecified,PAIRED,PCR,METAGENOMIC,uncultured bacterium,ILLUMINA,Effect of Bifidobacterium breve on the intestinal microbiota of coeliac children on a gluten free diet,2017-09-26T00:00:00Z,2017-12-06T01:30:00Z,2,SAMEA4358368,43B,Illumina MiSeq,ERP016623,43B,,
ERR1551287,AMPLICON,PRJEB14943,SAMEA4358369,42918050,BIGEA,2014,public,"fastq,run.zq,sra","ena,gs,ncbi,s3","ena,gs.us-east1,ncbi.public,s3.us-east-1",2017-09-25,2017-09-25,2018-11-16,2016-10-21,human gut,organic material,faeces,ERX1622057,SAMEA4358369,Slovenia,Europe,Slovenia,46,15,human-gut,BiGeA,BiGeA,2017-09-25T17:03:14Z,2016-10-21T09:38:07Z,public,Illumina MiSeq,metagenome,unspecified,PAIRED,PCR,METAGENOMIC,uncultured bacterium,ILLUMINA,Effect of Bifidobacterium breve on the intestinal microbiota of coeliac children on a gluten free diet,2017-09-26T00:00:00Z,2017-12-06T01:29:00Z,2,SAMEA4358369,44B,Illumina MiSeq,ERP016623,44B,,
ERR1551288,AMPLICON,PRJEB14943,SAMEA4358370,57026549,BIGEA,2014,public,"fastq,run.zq,sra","ena,gs,ncbi,s3","ena,gs.us-east1,ncbi.public,s3.us-east-1",2017-09-25,2017-09-25,2018-11-16,2016-10-21,human gut,organic material,faeces,ERX1622058,SAMEA4358370,Slovenia,Europe,Slovenia,46,15,human-gut,BiGeA,BiGeA,2017-09-25T17:03:14Z,2016-10-21T09:38:07Z,public,Illumina MiSeq,metagenome,unspecified,PAIRED,PCR,METAGENOMIC,uncultured bacterium,ILLUMINA,Effect of Bifidobacterium breve on the intestinal microbiota of coeliac children on a gluten free diet,2017-09-26T00:00:00Z,2017-12-06T01:30:00Z,2,SAMEA4358370,48B,Illumina MiSeq,ERP016623,48B,,
ERR1551289,AMPLICON,PRJEB14943,SAMEA4358371,37519071,BIGEA,2014,public,"fastq,run.zq,sra","ena,gs,ncbi,s3","ena,gs.us-east1,ncbi.public,s3.us-east-1",2017-09-25,2017-09-25,2018-11-16,2016-10-21,human gut,organic material,faeces,ERX1622059,SAMEA4358371,Slovenia,Europe,Slovenia,46,15,human-gut,BiGeA,BiGeA,2017-09-25T17:03:14Z,2016-10-21T09:38:07Z,public,Illumina MiSeq,metagenome,unspecified,PAIRED,PCR,METAGENOMIC,uncultured bacterium,ILLUMINA,Effect of Bifidobacterium breve on the intestinal microbiota of coeliac children on a gluten free diet,2017-09-26T00:00:00Z,2017-09-26T07:56:00Z,1,SAMEA4358371,51B,Illumina MiSeq,ERP016623,51B,596,54903087
ERR1551290,AMPLICON,PRJEB14943,SAMEA4358372,45774855,BIGEA,2014,public,"fastq,run.zq,sra","ena,gs,ncbi,s3","ena,gs.us-east1,ncbi.public,s3.us-east-1",2017-09-25,2017-09-25,2018-11-16,2016-10-21,human gut,organic material,faeces,ERX1622060,SAMEA4358372,Slovenia,Europe,Slovenia,46,15,human-gut,BiGeA,BiGeA,2017-09-25T17:03:14Z,2016-10-21T09:38:07Z,public,Illumina MiSeq,metagenome,unspecified,PAIRED,PCR,METAGENOMIC,uncultured bacterium,ILLUMINA,Effect of Bifidobacterium breve on the intestinal microbiota of coeliac children on a gluten free diet,2017-09-26T00:00:00Z,2017-12-06T01:30:00Z,2,SAMEA4358372,52B,Illumina MiSeq,ERP016623,52B,,
ERR1551291,AMPLICON,PRJEB14943,SAMEA4358373,28550831,BIGEA,2014,public,"fastq,run.zq,sra","ena,gs,ncbi,s3","ena,gs.us-east1,ncbi.public,s3.us-east-1",2017-09-25,2017-09-25,2018-11-16,2016-10-21,human gut,organic material,faeces,ERX1622061,SAMEA4358373,Slovenia,Europe,Slovenia,46,15,human-gut,BiGeA,BiGeA,2017-09-25T17:03:14Z,2016-10-21T09:38:07Z,public,Illumina MiSeq,metagenome,unspecified,PAIRED,PCR,METAGENOMIC,uncultured bacterium,ILLUMINA,Effect of Bifidobacterium breve on the intestinal microbiota of coeliac children on a gluten free diet,2017-09-26T00:00:00Z,2017-12-06T01:29:00Z,2,SAMEA4358373,56,Illumina MiSeq,ERP016623,56,,
ERR1551292,AMPLICON,PRJEB14943,SAMEA4358374,28878365,BIGEA,2014,public,"fastq,run.zq,sra","ena,gs,ncbi,s3","ena,gs.us-east1,ncbi.public,s3.us-east-1",2017-09-25,2017-09-25,2018-11-16,2016-10-21,human gut,organic material,faeces,ERX1622062,SAMEA4358374,Slovenia,Europe,Slovenia,46,15,human-gut,BiGeA,BiGeA,2017-09-25T17:03:14Z,2016-10-21T09:38:07Z,public,Illumina MiSeq,metagenome,unspecified,PAIRED,PCR,METAGENOMIC,uncultured bacterium,ILLUMINA,Effect of Bifidobacterium breve on the intestinal microbiota of coeliac children on a gluten free diet,2017-09-26T00:00:00Z,2017-12-06T01:29:00Z,2,SAMEA4358374,57,Illumina MiSeq,ERP016623,57,,
ERR1551293,AMPLICON,PRJEB14943,SAMEA4358375,51914699,BIGEA,2014,public,"fastq,run.zq,sra","ena,gs,ncbi,s3","ena,gs.us-east1,ncbi.public,s3.us-east-1",2017-09-25,2017-09-25,2018-11-16,2016-10-21,human gut,organic material,faeces,ERX1622063,SAMEA4358375,Slovenia,Europe,Slovenia,46,15,human-gut,BiGeA,BiGeA,2017-09-25T17:03:14Z,2016-10-21T09:38:07Z,public,Illumina MiSeq,metagenome,unspecified,PAIRED,PCR,METAGENOMIC,uncultured bacterium,ILLUMINA,Effect of Bifidobacterium breve on the intestinal microbiota of coeliac children on a gluten free diet,2017-09-26T00:00:00Z,2017-12-06T01:30:00Z,2,SAMEA4358375,58,Illumina MiSeq,ERP016623,58,,
ERR1551294,AMPLICON,PRJEB14943,SAMEA4358376,92543456,BIGEA,2014,public,"fastq,run.zq,sra","ena,gs,ncbi,s3","ena,gs.us-east1,ncbi.public,s3.us-east-1",2017-09-25,2017-09-25,2018-11-16,2016-10-21,human gut,organic material,faeces,ERX1622064,SAMEA4358376,Slovenia,Europe,Slovenia,46,15,human-gut,BiGeA,BiGeA,2017-09-25T17:03:14Z,2016-10-21T09:38:07Z,public,Illumina MiSeq,metagenome,unspecified,PAIRED,PCR,METAGENOMIC,uncultured bacterium,ILLUMINA,Effect of Bifidobacterium breve on the intestinal microbiota of coeliac children on a gluten free diet,2017-09-26T00:00:00Z,2022-07-17T16:39:00Z,2,SAMEA4358376,60,Illumina MiSeq,ERP016623,60,598,133069516
ERR1551295,AMPLICON,PRJEB14943,SAMEA4358377,44392071,BIGEA,2014,public,"fastq,run.zq,sra","ena,gs,ncbi,s3","ena,gs.us-east1,ncbi.public,s3.us-east-1",2017-09-25,2017-09-25,2018-11-16,2016-10-21,human gut,organic material,faeces,ERX1622065,SAMEA4358377,Slovenia,Europe,Slovenia,46,15,human-gut,BiGeA,BiGeA,2017-09-25T17:03:14Z,2016-10-21T09:38:07Z,public,Illumina MiSeq,metagenome,unspecified,PAIRED,PCR,METAGENOMIC,uncultured bacterium,ILLUMINA,Effect of Bifidobacterium breve on the intestinal microbiota of coeliac children on a gluten free diet,2017-09-26T00:00:00Z,2022-07-23T16:03:00Z,2,SAMEA4358377,61,Illumina MiSeq,ERP016623,61,598,62805297
ERR1551296,AMPLICON,PRJEB14943,SAMEA4358378,25387386,BIGEA,2014,public,"fastq,run.zq,sra","ena,gs,ncbi,s3","ena,gs.us-east1,ncbi.public,s3.us-east-1",2017-09-25,2017-09-25,2018-11-16,2016-10-21,human gut,organic material,faeces,ERX1622066,SAMEA4358378,Slovenia,Europe,Slovenia,46,15,human-gut,BiGeA,BiGeA,2017-09-25T17:03:14Z,2016-10-21T09:38:07Z,public,Illumina MiSeq,metagenome,unspecified,PAIRED,PCR,METAGENOMIC,uncultured bacterium,ILLUMINA,Effect of Bifidobacterium breve on the intestinal microbiota of coeliac children on a gluten free diet,2017-09-26T00:00:00Z,2022-07-13T21:22:00Z,2,SAMEA4358378,63,Illumina MiSeq,ERP016623,63,598,36348285
ERR1551297,AMPLICON,PRJEB14943,SAMEA4358379,60097821,BIGEA,2014,public,"fastq,run.zq,sra","ena,gs,ncbi,s3","ena,gs.us-east1,ncbi.public,s3.us-east-1",2017-09-25,2017-09-25,2018-11-16,2016-10-21,human gut,organic material,faeces,ERX1622067,SAMEA4358379,Slovenia,Europe,Slovenia,46,15,human-gut,BiGeA,BiGeA,2017-09-25T17:03:14Z,2016-10-21T09:38:07Z,public,Illumina MiSeq,metagenome,unspecified,PAIRED,PCR,METAGENOMIC,uncultured bacterium,ILLUMINA,Effect of Bifidobacterium breve on the intestinal microbiota of coeliac children on a gluten free diet,2017-09-26T00:00:00Z,2022-07-19T14:27:00Z,2,SAMEA4358379,64,Illumina MiSeq,ERP016623,64,598,86050382
ERR1551298,AMPLICON,PRJEB14943,SAMEA4358380,44195387,BIGEA,2014,public,"fastq,run.zq,sra","ena,gs,ncbi,s3","ena,gs.us-east1,ncbi.public,s3.us-east-1",2017-09-25,2017-09-25,2018-11-16,2016-10-21,human gut,organic material,faeces,ERX1622068,SAMEA4358380,Slovenia,Europe,Slovenia,46,15,human-gut,BiGeA,BiGeA,2017-09-25T17:03:14Z,2016-10-21T09:38:07Z,public,Illumina MiSeq,metagenome,unspecified,PAIRED,PCR,METAGENOMIC,uncultured bacterium,ILLUMINA,Effect of Bifidobacterium breve on the intestinal microbiota of coeliac children on a gluten free diet,2017-09-26T00:00:00Z,2022-07-13T02:00:00Z,2,SAMEA4358380,65,Illumina MiSeq,ERP016623,65,598,63233073
ERR1551299,AMPLICON,PRJEB14943,SAMEA4358381,47695634,BIGEA,2014,public,"fastq,run.zq,sra","ena,gs,ncbi,s3","ena,gs.us-east1,ncbi.public,s3.us-east-1",2017-09-25,2017-09-25,2018-11-16,2016-10-21,human gut,organic material,faeces,ERX1622069,SAMEA4358381,Slovenia,Europe,Slovenia,46,15,human-gut,BiGeA,BiGeA,2017-09-25T17:03:14Z,2016-10-21T09:38:07Z,public,Illumina MiSeq,metagenome,unspecified,PAIRED,PCR,METAGENOMIC,uncultured bacterium,ILLUMINA,Effect of Bifidobacterium breve on the intestinal microbiota of coeliac children on a gluten free diet,2017-09-26T00:00:00Z,2022-07-17T16:51:00Z,2,SAMEA4358381,66,Illumina MiSeq,ERP016623,66,598,69548213
ERR1551300,AMPLICON,PRJEB14943,SAMEA4358382,39694766,BIGEA,2014,public,"fastq,run.zq,sra","ena,gs,ncbi,s3","ena,gs.us-east1,ncbi.public,s3.us-east-1",2017-09-25,2017-09-25,2018-11-16,2016-10-21,human gut,organic material,faeces,ERX1622070,SAMEA4358382,Slovenia,Europe,Slovenia,46,15,human-gut,BiGeA,BiGeA,2017-09-25T17:03:14Z,2016-10-21T09:38:07Z,public,Illumina MiSeq,metagenome,unspecified,PAIRED,PCR,METAGENOMIC,uncultured bacterium,ILLUMINA,Effect of Bifidobacterium breve on the intestinal microbiota of coeliac children on a gluten free diet,2017-09-26T00:00:00Z,2022-07-18T00:54:00Z,2,SAMEA4358382,67,Illumina MiSeq,ERP016623,67,598,56214689
ERR1551301,AMPLICON,PRJEB14943,SAMEA4358383,66930901,BIGEA,2014,public,"fastq,run.zq,sra","ena,gs,ncbi,s3","ena,gs.us-east1,ncbi.public,s3.us-east-1",2017-09-25,2017-09-25,2018-11-16,2016-10-21,human gut,organic material,faeces,ERX1622071,SAMEA4358383,Slovenia,Europe,Slovenia,46,15,human-gut,BiGeA,BiGeA,2017-09-25T17:03:14Z,2016-10-21T09:38:07Z,public,Illumina MiSeq,metagenome,unspecified,PAIRED,PCR,METAGENOMIC,uncultured bacterium,ILLUMINA,Effect of Bifidobacterium breve on the intestinal microbiota of coeliac children on a gluten free diet,2017-09-26T00:00:00Z,2022-07-23T16:03:00Z,2,SAMEA4358383,68,Illumina MiSeq,ERP016623,68,598,95983077
ERR1551302,AMPLICON,PRJEB14943,SAMEA4358384,43850193,BIGEA,2014,public,"fastq,run.zq,sra","ena,gs,ncbi,s3","ena,gs.us-east1,ncbi.public,s3.us-east-1",2017-09-25,2017-09-25,2018-11-16,2016-10-21,human gut,organic material,faeces,ERX1622072,SAMEA4358384,Slovenia,Europe,Slovenia,46,15,human-gut,BiGeA,BiGeA,2017-09-25T17:03:14Z,2016-10-21T09:38:07Z,public,Illumina MiSeq,metagenome,unspecified,PAIRED,PCR,METAGENOMIC,uncultured bacterium,ILLUMINA,Effect of Bifidobacterium breve on the intestinal microbiota of coeliac children on a gluten free diet,2017-09-26T00:00:00Z,2022-07-13T09:17:00Z,2,SAMEA4358384,69,Illumina MiSeq,ERP016623,69,598,62660954
ERR1551303,AMPLICON,PRJEB14943,SAMEA4358385,13942415,BIGEA,2014,public,"run.zq,sra,fastq","ena,gs,ncbi,s3","ena,gs.us-east1,ncbi.public,s3.us-east-1",2017-09-25,2017-09-25,2018-11-16,2016-10-21,human gut,organic material,faeces,ERX1622073,SAMEA4358385,Slovenia,Europe,Slovenia,46,15,human-gut,BiGeA,BiGeA,2017-09-25T17:03:14Z,2016-10-21T09:38:07Z,public,Illumina MiSeq,metagenome,unspecified,PAIRED,PCR,METAGENOMIC,uncultured bacterium,ILLUMINA,Effect of Bifidobacterium breve on the intestinal microbiota of coeliac children on a gluten free diet,2017-09-26T00:00:00Z,2022-07-12T17:31:00Z,2,SAMEA4358385,70,Illumina MiSeq,ERP016623,70,597,20386846
ERR1551304,AMPLICON,PRJEB14943,SAMEA4358386,40465804,BIGEA,2014,public,"fastq,run.zq,sra","ena,gs,ncbi,s3","ena,gs.us-east1,ncbi.public,s3.us-east-1",2017-09-25,2017-09-25,2018-11-16,2016-10-21,human gut,organic material,faeces,ERX1622074,SAMEA4358386,Slovenia,Europe,Slovenia,46,15,human-gut,BiGeA,BiGeA,2017-09-25T17:03:14Z,2016-10-21T09:38:07Z,public,Illumina MiSeq,metagenome,unspecified,PAIRED,PCR,METAGENOMIC,uncultured bacterium,ILLUMINA,Effect of Bifidobacterium breve on the intestinal microbiota of coeliac children on a gluten free diet,2017-09-26T00:00:00Z,2022-07-22T06:21:00Z,2,SAMEA4358386,71,Illumina MiSeq,ERP016623,71,598,58216994
ERR1551305,AMPLICON,PRJEB14943,SAMEA4358387,70527711,BIGEA,2014,public,"fastq,run.zq,sra","ena,gs,ncbi,s3","ena,gs.us-east1,ncbi.public,s3.us-east-1",2017-09-25,2017-09-25,2018-11-16,2016-10-21,human gut,organic material,faeces,ERX1622075,SAMEA4358387,Slovenia,Europe,Slovenia,46,15,human-gut,BiGeA,BiGeA,2017-09-25T17:03:14Z,2016-10-21T09:38:07Z,public,Illumina MiSeq,metagenome,unspecified,PAIRED,PCR,METAGENOMIC,uncultured bacterium,ILLUMINA,Effect of Bifidobacterium breve on the intestinal microbiota of coeliac children on a gluten free diet,2017-09-26T00:00:00Z,2022-07-13T09:17:00Z,2,SAMEA4358387,72,Illumina MiSeq,ERP016623,72,598,102028291
ERR1551306,AMPLICON,PRJEB14943,SAMEA4358388,392373,BIGEA,2014,public,"fastq,run.zq,sra","ena,gs,ncbi,s3","ena,gs.us-east1,ncbi.public,s3.us-east-1",2017-09-25,2017-09-25,2018-11-16,2016-10-21,human gut,organic material,faeces,ERX1622076,SAMEA4358388,Slovenia,Europe,Slovenia,46,15,human-gut,BiGeA,BiGeA,2017-09-25T17:03:14Z,2016-10-21T09:38:07Z,public,Illumina MiSeq,metagenome,unspecified,PAIRED,PCR,METAGENOMIC,uncultured bacterium,ILLUMINA,Effect of Bifidobacterium breve on the intestinal microbiota of coeliac children on a gluten free diet,2017-09-26T00:00:00Z,2022-07-23T16:02:00Z,2,SAMEA4358388,73,Illumina MiSeq,ERP016623,73,593,396888
