Run,Assay Type,AvgSpotLen,Bases,BioProject,BioSample,BioSampleModel,Bytes,Center Name,Collection_Date,Consent,DATASTORE filetype,DATASTORE provider,DATASTORE region,env_broad_scale,env_local_scale,env_medium,Experiment,geo_loc_name_country,geo_loc_name_country_continent,geo_loc_name,Host,Instrument,lat_lon,Library Name,LibraryLayout,LibrarySelection,LibrarySource,Organism,Platform,ReleaseDate,create_date,version,Sample Name,SRA Study
SRR14642225,AMPLICON,600,61445432,PRJNA732664,SAMN19330817,"MIMARKS.survey,MIGS/MIMS/MIMARKS.human-gut",39927059,LUND UNIVERSITY,2013-01-09,public,"sra,run.zq","gs,ncbi,s3","s3.us-east-1,ncbi.public,gs.us-east1",Gut microbiome,Faecal,Faecal,SRX10981838,Sweden,Europe,Sweden,Homo sapiens,Illumina MiSeq,56.04 N 12.72 E,cel24,PAIRED,PCR,METAGENOMIC,gut metagenome,ILLUMINA,2021-06-25T00:00:00Z,2021-05-28T11:48:00Z,2,8C,SRP321288
SRR14642226,AMPLICON,600,78959437,PRJNA732664,SAMN19331020,"MIMARKS.survey,MIGS/MIMS/MIMARKS.human-gut",53200958,LUND UNIVERSITY,2013-08-18,public,"sra,run.zq","s3,gs,ncbi","ncbi.public,gs.us-east1,s3.us-east-1",Gut microbiome,Faecal,Faecal,SRX10981837,Sweden,Europe,Sweden,Homo sapiens,Illumina MiSeq,56.02 N 14.14 E,cel227,PAIRED,PCR,METAGENOMIC,gut metagenome,ILLUMINA,2021-06-25T00:00:00Z,2021-05-28T11:06:00Z,2,79C,SRP321288
SRR14642227,AMPLICON,600,69166278,PRJNA732664,SAMN19331019,"MIMARKS.survey,MIGS/MIMS/MIMARKS.human-gut",47505670,LUND UNIVERSITY,2012-05-26,public,"sra,run.zq","ncbi,s3,gs","gs.us-east1,ncbi.public,s3.us-east-1",Gut microbiome,Faecal,Faecal,SRX10981836,Sweden,Europe,Sweden,Homo sapiens,Illumina MiSeq,56.02 N 14.14 E,cel226,PAIRED,PCR,METAGENOMIC,gut metagenome,ILLUMINA,2021-06-25T00:00:00Z,2021-05-28T11:50:00Z,2,79B,SRP321288
SRR14642228,AMPLICON,600,33735182,PRJNA732664,SAMN19331018,"MIMARKS.survey,MIGS/MIMS/MIMARKS.human-gut",22907735,LUND UNIVERSITY,2012-02-25,public,"sra,run.zq","s3,gs,ncbi","gs.us-east1,s3.us-east-1,ncbi.public",Gut microbiome,Faecal,Faecal,SRX10981835,Sweden,Europe,Sweden,Homo sapiens,Illumina MiSeq,56.02 N 14.14 E,cel225,PAIRED,PCR,METAGENOMIC,gut metagenome,ILLUMINA,2021-06-25T00:00:00Z,2021-05-28T11:22:00Z,2,79A,SRP321288
SRR14642229,AMPLICON,600,74366936,PRJNA732664,SAMN19331017,"MIMARKS.survey,MIGS/MIMS/MIMARKS.human-gut",50783629,LUND UNIVERSITY,2013-02-24,public,"sra,run.zq","s3,gs,ncbi","ncbi.public,s3.us-east-1,gs.us-east1",Gut microbiome,Faecal,Faecal,SRX10981834,Sweden,Europe,Sweden,Homo sapiens,Illumina MiSeq,56.02 N 14.14 E,cel224,PAIRED,PCR,METAGENOMIC,gut metagenome,ILLUMINA,2021-06-25T00:00:00Z,2021-05-28T11:55:00Z,4,78C,SRP321288
SRR14642230,AMPLICON,600,73016214,PRJNA732664,SAMN19331016,"MIMARKS.survey,MIGS/MIMS/MIMARKS.human-gut",49009240,LUND UNIVERSITY,2012-11-12,public,"run.zq,sra","ncbi,s3,gs","s3.us-east-1,gs.us-east1,ncbi.public",Gut microbiome,Faecal,Faecal,SRX10981833,Sweden,Europe,Sweden,Homo sapiens,Illumina MiSeq,56.02 N 14.14 E,cel223,PAIRED,PCR,METAGENOMIC,gut metagenome,ILLUMINA,2021-06-25T00:00:00Z,2021-05-28T11:50:00Z,2,78B,SRP321288
SRR14642231,AMPLICON,600,74071371,PRJNA732664,SAMN19331015,"MIMARKS.survey,MIGS/MIMS/MIMARKS.human-gut",49880439,LUND UNIVERSITY,2012-08-09,public,"sra,run.zq","s3,gs,ncbi","gs.us-east1,ncbi.public,s3.us-east-1",Gut microbiome,Faecal,Faecal,SRX10981832,Sweden,Europe,Sweden,Homo sapiens,Illumina MiSeq,56.02 N 14.14 E,cel222,PAIRED,PCR,METAGENOMIC,gut metagenome,ILLUMINA,2021-06-25T00:00:00Z,2021-05-28T11:50:00Z,2,78A,SRP321288
SRR14642232,AMPLICON,600,121047277,PRJNA732664,SAMN19331014,"MIMARKS.survey,MIGS/MIMS/MIMARKS.human-gut",81325894,LUND UNIVERSITY,2013-04-06,public,"run.zq,sra","gs,s3,ncbi","ncbi.public,s3.us-east-1,gs.us-east1",Gut microbiome,Faecal,Faecal,SRX10981831,Sweden,Europe,Sweden,Homo sapiens,Illumina MiSeq,55.61 N 13.03 E,cel221,PAIRED,PCR,METAGENOMIC,gut metagenome,ILLUMINA,2021-06-25T00:00:00Z,2021-05-28T11:51:00Z,2,77C,SRP321288
SRR14642233,AMPLICON,600,78323833,PRJNA732664,SAMN19330816,"MIMARKS.survey,MIGS/MIMS/MIMARKS.human-gut",50221587,LUND UNIVERSITY,2012-09-26,public,"sra,run.zq","ncbi,gs,s3","ncbi.public,gs.us-east1,s3.us-east-1",Gut microbiome,Faecal,Faecal,SRX10981830,Sweden,Europe,Sweden,Homo sapiens,Illumina MiSeq,56.04 N 12.72 E,cel23,PAIRED,PCR,METAGENOMIC,gut metagenome,ILLUMINA,2021-06-25T00:00:00Z,2021-05-28T11:09:00Z,2,8B,SRP321288
SRR14642234,AMPLICON,600,110072576,PRJNA732664,SAMN19331013,"MIMARKS.survey,MIGS/MIMS/MIMARKS.human-gut",81405238,LUND UNIVERSITY,2012-11-15,public,"sra,run.zq","ncbi,gs,s3","ncbi.public,gs.us-east1,s3.us-east-1",Gut microbiome,Faecal,Faecal,SRX10981829,Sweden,Europe,Sweden,Homo sapiens,Illumina MiSeq,55.61 N 13.03 E,cel220,PAIRED,PCR,METAGENOMIC,gut metagenome,ILLUMINA,2021-06-25T00:00:00Z,2021-05-28T11:50:00Z,2,77B,SRP321288
SRR14642235,AMPLICON,600,250586055,PRJNA732664,SAMN19331012,"MIMARKS.survey,MIGS/MIMS/MIMARKS.human-gut",169173035,LUND UNIVERSITY,2015-12-15,public,"sra,run.zq","ncbi,gs,s3","gs.us-east1,ncbi.public,s3.us-east-1",Gut microbiome,Faecal,Faecal,SRX10981828,Sweden,Europe,Sweden,Homo sapiens,Illumina MiSeq,56.02 N 14.14 E,cel219,PAIRED,PCR,METAGENOMIC,gut metagenome,ILLUMINA,2021-06-25T00:00:00Z,2021-05-28T11:56:00Z,4,76C,SRP321288
SRR14642236,AMPLICON,600,67507229,PRJNA732664,SAMN19331011,"MIMARKS.survey,MIGS/MIMS/MIMARKS.human-gut",45766300,LUND UNIVERSITY,2015-04-29,public,"run.zq,sra","gs,ncbi,s3","gs.us-east1,ncbi.public,s3.us-east-1",Gut microbiome,Faecal,Faecal,SRX10981827,Sweden,Europe,Sweden,Homo sapiens,Illumina MiSeq,56.02 N 14.14 E,cel218,PAIRED,PCR,METAGENOMIC,gut metagenome,ILLUMINA,2021-06-25T00:00:00Z,2021-05-28T11:48:00Z,2,76A,SRP321288
SRR14642237,AMPLICON,600,78346348,PRJNA732664,SAMN19331010,"MIMARKS.survey,MIGS/MIMS/MIMARKS.human-gut",53718415,LUND UNIVERSITY,2015-08-04,public,"sra,run.zq","ncbi,s3,gs","ncbi.public,gs.us-east1,s3.us-east-1",Gut microbiome,Faecal,Faecal,SRX10981826,Sweden,Europe,Sweden,Homo sapiens,Illumina MiSeq,56.04 N 12.72 E,cel217,PAIRED,PCR,METAGENOMIC,gut metagenome,ILLUMINA,2021-06-25T00:00:00Z,2021-05-28T11:13:00Z,2,75B,SRP321288
SRR14642238,AMPLICON,600,71372399,PRJNA732664,SAMN19331009,"MIMARKS.survey,MIGS/MIMS/MIMARKS.human-gut",48690472,LUND UNIVERSITY,2015-05-05,public,"sra,run.zq","ncbi,s3,gs","gs.us-east1,ncbi.public,s3.us-east-1",Gut microbiome,Faecal,Faecal,SRX10981825,Sweden,Europe,Sweden,Homo sapiens,Illumina MiSeq,56.04 N 12.72 E,cel216,PAIRED,PCR,METAGENOMIC,gut metagenome,ILLUMINA,2021-06-25T00:00:00Z,2021-05-28T11:51:00Z,2,75A,SRP321288
SRR14642239,AMPLICON,600,80604677,PRJNA732664,SAMN19331008,"MIMARKS.survey,MIGS/MIMS/MIMARKS.human-gut",53882574,LUND UNIVERSITY,2013-12-11,public,"sra,run.zq","ncbi,s3,gs","gs.us-east1,ncbi.public,s3.us-east-1",Gut microbiome,Faecal,Faecal,SRX10981824,Sweden,Europe,Sweden,Homo sapiens,Illumina MiSeq,56.04 N 12.72 E,cel215,PAIRED,PCR,METAGENOMIC,gut metagenome,ILLUMINA,2021-06-25T00:00:00Z,2021-05-28T11:48:00Z,2,74B,SRP321288
SRR14642240,AMPLICON,600,74836741,PRJNA732664,SAMN19331007,"MIMARKS.survey,MIGS/MIMS/MIMARKS.human-gut",50177951,LUND UNIVERSITY,2013-09-05,public,"run.zq,sra","ncbi,s3,gs","ncbi.public,gs.us-east1,s3.us-east-1",Gut microbiome,Faecal,Faecal,SRX10981823,Sweden,Europe,Sweden,Homo sapiens,Illumina MiSeq,56.04 N 12.72 E,cel214,PAIRED,PCR,METAGENOMIC,gut metagenome,ILLUMINA,2021-06-25T00:00:00Z,2021-05-28T11:04:00Z,2,74A,SRP321288
SRR14642241,AMPLICON,600,43718810,PRJNA732664,SAMN19331006,"MIMARKS.survey,MIGS/MIMS/MIMARKS.human-gut",29554717,LUND UNIVERSITY,2014-02-25,public,"run.zq,sra","s3,gs,ncbi","gs.us-east1,s3.us-east-1,ncbi.public",Gut microbiome,Faecal,Faecal,SRX10981822,Sweden,Europe,Sweden,Homo sapiens,Illumina MiSeq,55.61 N 13.03 E,cel213,PAIRED,PCR,METAGENOMIC,gut metagenome,ILLUMINA,2021-06-25T00:00:00Z,2021-05-28T11:07:00Z,2,73B,SRP321288
SRR14642242,AMPLICON,601,60130057,PRJNA732664,SAMN19331005,"MIMARKS.survey,MIGS/MIMS/MIMARKS.human-gut",41574291,LUND UNIVERSITY,2013-12-16,public,"run.zq,sra","ncbi,s3,gs","gs.us-east1,s3.us-east-1,ncbi.public",Gut microbiome,Faecal,Faecal,SRX10981821,Sweden,Europe,Sweden,Homo sapiens,Illumina MiSeq,55.61 N 13.03 E,cel212,PAIRED,PCR,METAGENOMIC,gut metagenome,ILLUMINA,2021-06-25T00:00:00Z,2021-05-28T11:55:00Z,4,73A,SRP321288
SRR14642243,AMPLICON,600,68522976,PRJNA732664,SAMN19331004,"MIMARKS.survey,MIGS/MIMS/MIMARKS.human-gut",46140549,LUND UNIVERSITY,2013-12-21,public,"run.zq,sra","s3,ncbi,gs","gs.us-east1,s3.us-east-1,ncbi.public",Gut microbiome,Faecal,Faecal,SRX10981820,Sweden,Europe,Sweden,Homo sapiens,Illumina MiSeq,55.61 N 13.03 E,cel211,PAIRED,PCR,METAGENOMIC,gut metagenome,ILLUMINA,2021-06-25T00:00:00Z,2021-05-28T11:14:00Z,2,72B,SRP321288
SRR14642244,AMPLICON,600,39851406,PRJNA732664,SAMN19330815,"MIMARKS.survey,MIGS/MIMS/MIMARKS.human-gut",25429707,LUND UNIVERSITY,2012-06-22,public,"run.zq,sra","gs,ncbi,s3","ncbi.public,gs.us-east1,s3.us-east-1",Gut microbiome,Faecal,Faecal,SRX10981819,Sweden,Europe,Sweden,Homo sapiens,Illumina MiSeq,56.04 N 12.72 E,cel22,PAIRED,PCR,METAGENOMIC,gut metagenome,ILLUMINA,2021-06-25T00:00:00Z,2021-05-28T11:48:00Z,2,8A,SRP321288
SRR14642245,AMPLICON,600,73403416,PRJNA732664,SAMN19331003,"MIMARKS.survey,MIGS/MIMS/MIMARKS.human-gut",49261559,LUND UNIVERSITY,2013-09-12,public,"run.zq,sra","ncbi,gs,s3","ncbi.public,gs.us-east1,s3.us-east-1",Gut microbiome,Faecal,Faecal,SRX10981818,Sweden,Europe,Sweden,Homo sapiens,Illumina MiSeq,55.61 N 13.03 E,cel210,PAIRED,PCR,METAGENOMIC,gut metagenome,ILLUMINA,2021-06-25T00:00:00Z,2021-05-28T11:10:00Z,2,72A,SRP321288
SRR14642246,AMPLICON,600,94267171,PRJNA732664,SAMN19331002,"MIGS/MIMS/MIMARKS.human-gut,MIMARKS.survey",62596364,LUND UNIVERSITY,2012-12-12,public,"sra,run.zq","s3,gs,ncbi","ncbi.public,gs.us-east1,s3.us-east-1",Gut microbiome,Faecal,Faecal,SRX10981817,Sweden,Europe,Sweden,Homo sapiens,Illumina MiSeq,55.61 N 13.03 E,cel209,PAIRED,PCR,METAGENOMIC,gut metagenome,ILLUMINA,2021-06-25T00:00:00Z,2021-05-28T11:49:00Z,2,71C,SRP321288
SRR14642247,AMPLICON,600,142192439,PRJNA732664,SAMN19331001,"MIMARKS.survey,MIGS/MIMS/MIMARKS.human-gut",94179431,LUND UNIVERSITY,2012-05-02,public,"run.zq,sra","gs,ncbi,s3","gs.us-east1,ncbi.public,s3.us-east-1",Gut microbiome,Faecal,Faecal,SRX10981816,Sweden,Europe,Sweden,Homo sapiens,Illumina MiSeq,55.61 N 13.03 E,cel208,PAIRED,PCR,METAGENOMIC,gut metagenome,ILLUMINA,2021-06-25T00:00:00Z,2021-05-28T11:19:00Z,2,71A,SRP321288
SRR14642248,AMPLICON,600,76452404,PRJNA732664,SAMN19331000,"MIMARKS.survey,MIGS/MIMS/MIMARKS.human-gut",52444272,LUND UNIVERSITY,2013-10-01,public,"sra,run.zq","gs,s3,ncbi","s3.us-east-1,gs.us-east1,ncbi.public",Gut microbiome,Faecal,Faecal,SRX10981815,Sweden,Europe,Sweden,Homo sapiens,Illumina MiSeq,56.04 N 12.72 E,cel207,PAIRED,PCR,METAGENOMIC,gut metagenome,ILLUMINA,2021-06-25T00:00:00Z,2021-05-28T11:49:00Z,2,70C,SRP321288
SRR14642249,AMPLICON,600,68817794,PRJNA732664,SAMN19330999,"MIMARKS.survey,MIGS/MIMS/MIMARKS.human-gut",46037555,LUND UNIVERSITY,2013-06-24,public,"run.zq,sra","s3,gs,ncbi","ncbi.public,s3.us-east-1,gs.us-east1",Gut microbiome,Faecal,Faecal,SRX10981814,Sweden,Europe,Sweden,Homo sapiens,Illumina MiSeq,56.04 N 12.72 E,cel206,PAIRED,PCR,METAGENOMIC,gut metagenome,ILLUMINA,2021-06-25T00:00:00Z,2021-05-28T11:49:00Z,2,70B,SRP321288
SRR14642250,AMPLICON,600,76126453,PRJNA732664,SAMN19330998,"MIMARKS.survey,MIGS/MIMS/MIMARKS.human-gut",52528519,LUND UNIVERSITY,2013-03-25,public,"run.zq,sra","gs,s3,ncbi","gs.us-east1,ncbi.public,s3.us-east-1",Gut microbiome,Faecal,Faecal,SRX10981813,Sweden,Europe,Sweden,Homo sapiens,Illumina MiSeq,56.04 N 12.72 E,cel205,PAIRED,PCR,METAGENOMIC,gut metagenome,ILLUMINA,2021-06-25T00:00:00Z,2021-05-28T11:11:00Z,2,70A,SRP321288
SRR14642251,AMPLICON,600,76368282,PRJNA732664,SAMN19330997,"MIMARKS.survey,MIGS/MIMS/MIMARKS.human-gut",51940498,LUND UNIVERSITY,2014-05-17,public,"sra,run.zq","gs,s3,ncbi","gs.us-east1,ncbi.public,s3.us-east-1",Gut microbiome,Faecal,Faecal,SRX10981812,Sweden,Europe,Sweden,Homo sapiens,Illumina MiSeq,56.04 N 12.72 E,cel204,PAIRED,PCR,METAGENOMIC,gut metagenome,ILLUMINA,2021-06-25T00:00:00Z,2021-05-28T11:51:00Z,2,69C,SRP321288
SRR14642252,AMPLICON,600,64401944,PRJNA732664,SAMN19330996,"MIMARKS.survey,MIGS/MIMS/MIMARKS.human-gut",43724914,LUND UNIVERSITY,2014-01-22,public,"sra,run.zq","gs,s3,ncbi","ncbi.public,gs.us-east1,s3.us-east-1",Gut microbiome,Faecal,Faecal,SRX10981811,Sweden,Europe,Sweden,Homo sapiens,Illumina MiSeq,56.04 N 12.72 E,cel203,PAIRED,PCR,METAGENOMIC,gut metagenome,ILLUMINA,2021-06-25T00:00:00Z,2021-05-28T11:30:00Z,4,69B,SRP321288
SRR14642253,AMPLICON,600,57907187,PRJNA732664,SAMN19330995,"MIMARKS.survey,MIGS/MIMS/MIMARKS.human-gut",39430530,LUND UNIVERSITY,2012-11-02,public,"run.zq,sra","s3,gs,ncbi","ncbi.public,gs.us-east1,s3.us-east-1",Gut microbiome,Faecal,Faecal,SRX10981810,Sweden,Europe,Sweden,Homo sapiens,Illumina MiSeq,56.04 N 12.72 E,cel202,PAIRED,PCR,METAGENOMIC,gut metagenome,ILLUMINA,2021-06-25T00:00:00Z,2021-05-28T11:50:00Z,2,69A,SRP321288
SRR14642254,AMPLICON,600,46047567,PRJNA732664,SAMN19330994,"MIMARKS.survey,MIGS/MIMS/MIMARKS.human-gut",30605736,LUND UNIVERSITY,2012-05-31,public,"sra,run.zq","gs,s3,ncbi","ncbi.public,s3.us-east-1,gs.us-east1",Gut microbiome,Faecal,Faecal,SRX10981809,Sweden,Europe,Sweden,Homo sapiens,Illumina MiSeq,56.04 N 12.72 E,cel201,PAIRED,PCR,METAGENOMIC,gut metagenome,ILLUMINA,2021-06-25T00:00:00Z,2021-05-28T11:48:00Z,2,68C,SRP321288
SRR14642255,AMPLICON,600,45167604,PRJNA732664,SAMN19330814,"MIMARKS.survey,MIGS/MIMS/MIMARKS.human-gut",28086611,LUND UNIVERSITY,2012-12-17,public,"run.zq,sra","s3,gs,ncbi","gs.us-east1,ncbi.public,s3.us-east-1",Gut microbiome,Faecal,Faecal,SRX10981808,Sweden,Europe,Sweden,Homo sapiens,Illumina MiSeq,56.04 N 12.72 E,cel21,PAIRED,PCR,METAGENOMIC,gut metagenome,ILLUMINA,2021-06-25T00:00:00Z,2021-05-28T11:09:00Z,2,7C,SRP321288
SRR14642256,AMPLICON,600,68851648,PRJNA732664,SAMN19330796,"MIMARKS.survey,MIGS/MIMS/MIMARKS.human-gut",44323570,LUND UNIVERSITY,2012-10-17,public,"run.zq,sra","gs,s3,ncbi","ncbi.public,s3.us-east-1,gs.us-east1",Gut microbiome,Faecal,Faecal,SRX10981807,Sweden,Europe,Sweden,Homo sapiens,Illumina MiSeq,56.04 N 12.72 E,cel3,PAIRED,PCR,METAGENOMIC,gut metagenome,ILLUMINA,2021-06-25T00:00:00Z,2021-05-28T11:49:00Z,2,1C,SRP321288
SRR14642257,AMPLICON,600,48987635,PRJNA732664,SAMN19330993,"MIMARKS.survey,MIGS/MIMS/MIMARKS.human-gut",33272979,LUND UNIVERSITY,2013-03-23,public,"sra,run.zq","s3,gs,ncbi","gs.us-east1,ncbi.public,s3.us-east-1",Gut microbiome,Faecal,Faecal,SRX10981806,Sweden,Europe,Sweden,Homo sapiens,Illumina MiSeq,56.04 N 12.72 E,cel200,PAIRED,PCR,METAGENOMIC,gut metagenome,ILLUMINA,2021-06-25T00:00:00Z,2021-05-28T11:17:00Z,2,68B,SRP321288
SRR14642258,AMPLICON,600,58951249,PRJNA732664,SAMN19330992,"MIMARKS.survey,MIGS/MIMS/MIMARKS.human-gut",39345438,LUND UNIVERSITY,2012-12-19,public,"sra,run.zq","gs,ncbi,s3","gs.us-east1,s3.us-east-1,ncbi.public",Gut microbiome,Faecal,Faecal,SRX10981805,Sweden,Europe,Sweden,Homo sapiens,Illumina MiSeq,56.04 N 12.72 E,cel199,PAIRED,PCR,METAGENOMIC,gut metagenome,ILLUMINA,2021-06-25T00:00:00Z,2021-05-28T11:55:00Z,4,68A,SRP321288
SRR14642259,AMPLICON,600,60588770,PRJNA732664,SAMN19330991,"MIMARKS.survey,MIGS/MIMS/MIMARKS.human-gut",40977106,LUND UNIVERSITY,2013-04-25,public,"sra,run.zq","gs,ncbi,s3","s3.us-east-1,gs.us-east1,ncbi.public",Gut microbiome,Faecal,Faecal,SRX10981804,Sweden,Europe,Sweden,Homo sapiens,Illumina MiSeq,56.04 N 12.72 E,cel198,PAIRED,PCR,METAGENOMIC,gut metagenome,ILLUMINA,2021-06-25T00:00:00Z,2021-05-28T11:48:00Z,2,67C,SRP321288
SRR14642260,AMPLICON,600,62011942,PRJNA732664,SAMN19330990,"MIMARKS.survey,MIGS/MIMS/MIMARKS.human-gut",41738191,LUND UNIVERSITY,2013-01-16,public,"sra,run.zq","s3,gs,ncbi","s3.us-east-1,gs.us-east1,ncbi.public",Gut microbiome,Faecal,Faecal,SRX10981803,Sweden,Europe,Sweden,Homo sapiens,Illumina MiSeq,56.04 N 12.72 E,cel197,PAIRED,PCR,METAGENOMIC,gut metagenome,ILLUMINA,2021-06-25T00:00:00Z,2021-05-28T11:05:00Z,2,67B,SRP321288
SRR14642261,AMPLICON,601,54088111,PRJNA732664,SAMN19330989,"MIMARKS.survey,MIGS/MIMS/MIMARKS.human-gut",38025974,LUND UNIVERSITY,2012-10-25,public,"sra,run.zq","gs,s3,ncbi","gs.us-east1,ncbi.public,s3.us-east-1",Gut microbiome,Faecal,Faecal,SRX10981802,Sweden,Europe,Sweden,Homo sapiens,Illumina MiSeq,56.04 N 12.72 E,cel196,PAIRED,PCR,METAGENOMIC,gut metagenome,ILLUMINA,2021-06-25T00:00:00Z,2021-05-28T11:18:00Z,4,67A,SRP321288
SRR14642262,AMPLICON,600,78217361,PRJNA732664,SAMN19330988,"MIMARKS.survey,MIGS/MIMS/MIMARKS.human-gut",52536538,LUND UNIVERSITY,2012-11-06,public,"sra,run.zq","ncbi,s3,gs","ncbi.public,s3.us-east-1,gs.us-east1",Gut microbiome,Faecal,Faecal,SRX10981801,Sweden,Europe,Sweden,Homo sapiens,Illumina MiSeq,55.61 N 13.03 E,cel195,PAIRED,PCR,METAGENOMIC,gut metagenome,ILLUMINA,2021-06-25T00:00:00Z,2021-05-28T11:18:00Z,2,66C,SRP321288
SRR14642263,AMPLICON,600,79240626,PRJNA732664,SAMN19330987,"MIMARKS.survey,MIGS/MIMS/MIMARKS.human-gut",52718873,LUND UNIVERSITY,2012-08-05,public,"run.zq,sra","gs,ncbi,s3","s3.us-east-1,gs.us-east1,ncbi.public",Gut microbiome,Faecal,Faecal,SRX10981800,Sweden,Europe,Sweden,Homo sapiens,Illumina MiSeq,55.61 N 13.03 E,cel194,PAIRED,PCR,METAGENOMIC,gut metagenome,ILLUMINA,2021-06-25T00:00:00Z,2021-05-28T11:12:00Z,2,66B,SRP321288
SRR14642264,AMPLICON,600,77066057,PRJNA732664,SAMN19330986,"MIMARKS.survey,MIGS/MIMS/MIMARKS.human-gut",51384456,LUND UNIVERSITY,2012-05-14,public,"sra,run.zq","ncbi,gs,s3","s3.us-east-1,gs.us-east1,ncbi.public",Gut microbiome,Faecal,Faecal,SRX10981799,Sweden,Europe,Sweden,Homo sapiens,Illumina MiSeq,55.61 N 13.03 E,cel193,PAIRED,PCR,METAGENOMIC,gut metagenome,ILLUMINA,2021-06-25T00:00:00Z,2021-05-28T11:13:00Z,2,66A,SRP321288
SRR14642265,AMPLICON,600,276166780,PRJNA732664,SAMN19330985,"MIMARKS.survey,MIGS/MIMS/MIMARKS.human-gut",189721287,LUND UNIVERSITY,missing,public,"run.zq,sra","ncbi,gs,s3","gs.us-east1,s3.us-east-1,ncbi.public",Gut microbiome,Faecal,Faecal,SRX10981798,Sweden,Europe,Sweden,Homo sapiens,Illumina MiSeq,55.61 N 13.03 E,cel192,PAIRED,PCR,METAGENOMIC,gut metagenome,ILLUMINA,2021-06-25T00:00:00Z,2021-05-28T11:08:00Z,2,65C,SRP321288
SRR14642266,AMPLICON,600,43389201,PRJNA732664,SAMN19330984,"MIMARKS.survey,MIGS/MIMS/MIMARKS.human-gut",29920120,LUND UNIVERSITY,2012-08-01,public,"sra,run.zq","gs,s3,ncbi","s3.us-east-1,gs.us-east1,ncbi.public",Gut microbiome,Faecal,Faecal,SRX10981797,Sweden,Europe,Sweden,Homo sapiens,Illumina MiSeq,55.61 N 13.03 E,cel191,PAIRED,PCR,METAGENOMIC,gut metagenome,ILLUMINA,2021-06-25T00:00:00Z,2021-05-28T11:18:00Z,4,65B,SRP321288
SRR14642267,AMPLICON,600,54153942,PRJNA732664,SAMN19330813,"MIMARKS.survey,MIGS/MIMS/MIMARKS.human-gut",35288562,LUND UNIVERSITY,2012-08-27,public,"run.zq,sra","gs,ncbi,s3","ncbi.public,s3.us-east-1,gs.us-east1",Gut microbiome,Faecal,Faecal,SRX10981796,Sweden,Europe,Sweden,Homo sapiens,Illumina MiSeq,56.04 N 12.72 E,cel20,PAIRED,PCR,METAGENOMIC,gut metagenome,ILLUMINA,2021-06-25T00:00:00Z,2021-05-28T11:23:00Z,4,7B,SRP321288
SRR14642268,AMPLICON,600,51077909,PRJNA732664,SAMN19330983,"MIMARKS.survey,MIGS/MIMS/MIMARKS.human-gut",35252257,LUND UNIVERSITY,2012-06-02,public,"run.zq,sra","gs,ncbi,s3","s3.us-east-1,gs.us-east1,ncbi.public",Gut microbiome,Faecal,Faecal,SRX10981795,Sweden,Europe,Sweden,Homo sapiens,Illumina MiSeq,55.61 N 13.03 E,cel190,PAIRED,PCR,METAGENOMIC,gut metagenome,ILLUMINA,2021-06-25T00:00:00Z,2021-05-28T11:21:00Z,2,65A,SRP321288
SRR14642269,AMPLICON,600,36026279,PRJNA732664,SAMN19330982,"MIMARKS.survey,MIGS/MIMS/MIMARKS.human-gut",24518036,LUND UNIVERSITY,2012-12-03,public,"run.zq,sra","ncbi,gs,s3","gs.us-east1,s3.us-east-1,ncbi.public",Gut microbiome,Faecal,Faecal,SRX10981794,Sweden,Europe,Sweden,Homo sapiens,Illumina MiSeq,55.61 N 13.03 E,cel189,PAIRED,PCR,METAGENOMIC,gut metagenome,ILLUMINA,2021-06-25T00:00:00Z,2021-05-28T11:06:00Z,2,64C,SRP321288
SRR14642270,AMPLICON,600,51336970,PRJNA732664,SAMN19330981,"MIMARKS.survey,MIGS/MIMS/MIMARKS.human-gut",35476195,LUND UNIVERSITY,2012-09-03,public,"sra,run.zq","ncbi,s3,gs","s3.us-east-1,ncbi.public,gs.us-east1",Gut microbiome,Faecal,Faecal,SRX10981793,Sweden,Europe,Sweden,Homo sapiens,Illumina MiSeq,55.61 N 13.03 E,cel188,PAIRED,PCR,METAGENOMIC,gut metagenome,ILLUMINA,2021-06-25T00:00:00Z,2021-05-28T11:17:00Z,2,64B,SRP321288
SRR14642271,AMPLICON,600,43536852,PRJNA732664,SAMN19330980,"MIMARKS.survey,MIGS/MIMS/MIMARKS.human-gut",29771651,LUND UNIVERSITY,2012-05-29,public,"sra,run.zq","ncbi,gs,s3","ncbi.public,gs.us-east1,s3.us-east-1",Gut microbiome,Faecal,Faecal,SRX10981792,Sweden,Europe,Sweden,Homo sapiens,Illumina MiSeq,55.61 N 13.03 E,cel187,PAIRED,PCR,METAGENOMIC,gut metagenome,ILLUMINA,2021-06-25T00:00:00Z,2021-05-28T11:18:00Z,2,64A,SRP321288
SRR14642272,AMPLICON,600,49465717,PRJNA732664,SAMN19330979,"MIMARKS.survey,MIGS/MIMS/MIMARKS.human-gut",34048818,LUND UNIVERSITY,2012-11-06,public,"sra,run.zq","s3,gs,ncbi","s3.us-east-1,ncbi.public,gs.us-east1",Gut microbiome,Faecal,Faecal,SRX10981791,Sweden,Europe,Sweden,Homo sapiens,Illumina MiSeq,55.61 N 13.03 E,cel186,PAIRED,PCR,METAGENOMIC,gut metagenome,ILLUMINA,2021-06-25T00:00:00Z,2021-05-28T11:47:00Z,2,63C,SRP321288
SRR14642273,AMPLICON,600,47756610,PRJNA732664,SAMN19330978,"MIMARKS.survey,MIGS/MIMS/MIMARKS.human-gut",32663649,LUND UNIVERSITY,2012-08-09,public,"run.zq,sra","ncbi,s3,gs","gs.us-east1,ncbi.public,s3.us-east-1",Gut microbiome,Faecal,Faecal,SRX10981790,Sweden,Europe,Sweden,Homo sapiens,Illumina MiSeq,55.61 N 13.03 E,cel185,PAIRED,PCR,METAGENOMIC,gut metagenome,ILLUMINA,2021-06-25T00:00:00Z,2021-05-28T11:14:00Z,2,63B,SRP321288
SRR14642274,AMPLICON,600,49661315,PRJNA732664,SAMN19330977,"MIMARKS.survey,MIGS/MIMS/MIMARKS.human-gut",34389555,LUND UNIVERSITY,2012-04-16,public,"sra,run.zq","ncbi,gs,s3","s3.us-east-1,gs.us-east1,ncbi.public",Gut microbiome,Faecal,Faecal,SRX10981789,Sweden,Europe,Sweden,Homo sapiens,Illumina MiSeq,55.61 N 13.03 E,cel184,PAIRED,PCR,METAGENOMIC,gut metagenome,ILLUMINA,2021-06-25T00:00:00Z,2021-05-28T11:10:00Z,2,63A,SRP321288
SRR14642275,AMPLICON,600,45148331,PRJNA732664,SAMN19330976,"MIMARKS.survey,MIGS/MIMS/MIMARKS.human-gut",30993146,LUND UNIVERSITY,2013-01-18,public,"run.zq,sra","ncbi,s3,gs","gs.us-east1,s3.us-east-1,ncbi.public",Gut microbiome,Faecal,Faecal,SRX10981788,Sweden,Europe,Sweden,Homo sapiens,Illumina MiSeq,55.61 N 13.03 E,cel183,PAIRED,PCR,METAGENOMIC,gut metagenome,ILLUMINA,2021-06-25T00:00:00Z,2021-05-28T11:15:00Z,2,62C,SRP321288
SRR14642276,AMPLICON,600,54201574,PRJNA732664,SAMN19330975,"MIMARKS.survey,MIGS/MIMS/MIMARKS.human-gut",36861358,LUND UNIVERSITY,2012-11-08,public,"sra,run.zq","s3,gs,ncbi","gs.us-east1,s3.us-east-1,ncbi.public",Gut microbiome,Faecal,Faecal,SRX10981787,Sweden,Europe,Sweden,Homo sapiens,Illumina MiSeq,55.61 N 13.03 E,cel182,PAIRED,PCR,METAGENOMIC,gut metagenome,ILLUMINA,2021-06-25T00:00:00Z,2021-05-28T11:51:00Z,2,62B,SRP321288
SRR14642277,AMPLICON,600,45638302,PRJNA732664,SAMN19330974,"MIMARKS.survey,MIGS/MIMS/MIMARKS.human-gut",31099207,LUND UNIVERSITY,2012-07-08,public,"sra,run.zq","gs,ncbi,s3","ncbi.public,s3.us-east-1,gs.us-east1",Gut microbiome,Faecal,Faecal,SRX10981786,Sweden,Europe,Sweden,Homo sapiens,Illumina MiSeq,55.61 N 13.03 E,cel181,PAIRED,PCR,METAGENOMIC,gut metagenome,ILLUMINA,2021-06-25T00:00:00Z,2021-05-28T11:12:00Z,2,62A,SRP321288
SRR14642278,AMPLICON,600,57065847,PRJNA732664,SAMN19330812,"MIMARKS.survey,MIGS/MIMS/MIMARKS.human-gut",36617905,LUND UNIVERSITY,2012-06-13,public,"sra,run.zq","gs,ncbi,s3","gs.us-east1,ncbi.public,s3.us-east-1",Gut microbiome,Faecal,Faecal,SRX10981785,Sweden,Europe,Sweden,Homo sapiens,Illumina MiSeq,56.04 N 12.72 E,cel19,PAIRED,PCR,METAGENOMIC,gut metagenome,ILLUMINA,2021-06-25T00:00:00Z,2021-05-28T11:14:00Z,2,7A,SRP321288
SRR14642279,AMPLICON,600,95187927,PRJNA732664,SAMN19330973,"MIMARKS.survey,MIGS/MIMS/MIMARKS.human-gut",65041218,LUND UNIVERSITY,2014-06-22,public,"run.zq,sra","gs,s3,ncbi","gs.us-east1,s3.us-east-1,ncbi.public",Gut microbiome,Faecal,Faecal,SRX10981784,Sweden,Europe,Sweden,Homo sapiens,Illumina MiSeq,55.61 N 13.03 E,cel180,PAIRED,PCR,METAGENOMIC,gut metagenome,ILLUMINA,2021-06-25T00:00:00Z,2021-05-28T11:18:00Z,2,61C,SRP321288
SRR14642280,AMPLICON,600,93674399,PRJNA732664,SAMN19330972,"MIMARKS.survey,MIGS/MIMS/MIMARKS.human-gut",63118025,LUND UNIVERSITY,2014-04-07,public,"run.zq,sra","ncbi,s3,gs","gs.us-east1,ncbi.public,s3.us-east-1",Gut microbiome,Faecal,Faecal,SRX10981783,Sweden,Europe,Sweden,Homo sapiens,Illumina MiSeq,55.61 N 13.03 E,cel179,PAIRED,PCR,METAGENOMIC,gut metagenome,ILLUMINA,2021-06-25T00:00:00Z,2021-05-28T11:18:00Z,4,61B,SRP321288
SRR14642281,AMPLICON,600,76899422,PRJNA732664,SAMN19330971,"MIMARKS.survey,MIGS/MIMS/MIMARKS.human-gut",51862159,LUND UNIVERSITY,2014-01-09,public,"run.zq,sra","ncbi,s3,gs","ncbi.public,s3.us-east-1,gs.us-east1",Gut microbiome,Faecal,Faecal,SRX10981782,Sweden,Europe,Sweden,Homo sapiens,Illumina MiSeq,55.61 N 13.03 E,cel178,PAIRED,PCR,METAGENOMIC,gut metagenome,ILLUMINA,2021-06-25T00:00:00Z,2021-05-28T11:29:00Z,4,61A,SRP321288
SRR14642282,AMPLICON,600,46474646,PRJNA732664,SAMN19330970,"MIMARKS.survey,MIGS/MIMS/MIMARKS.human-gut",30564400,LUND UNIVERSITY,2015-03-29,public,"run.zq,sra","gs,ncbi,s3","gs.us-east1,ncbi.public,s3.us-east-1",Gut microbiome,Faecal,Faecal,SRX10981781,Sweden,Europe,Sweden,Homo sapiens,Illumina MiSeq,55.61 N 13.03 E,cel177,PAIRED,PCR,METAGENOMIC,gut metagenome,ILLUMINA,2021-06-25T00:00:00Z,2021-05-28T11:17:00Z,2,60C,SRP321288
SRR14642283,AMPLICON,600,63605355,PRJNA732664,SAMN19330969,"MIMARKS.survey,MIGS/MIMS/MIMARKS.human-gut",42927996,LUND UNIVERSITY,2015-01-04,public,"run.zq,sra","gs,ncbi,s3","s3.us-east-1,gs.us-east1,ncbi.public",Gut microbiome,Faecal,Faecal,SRX10981780,Sweden,Europe,Sweden,Homo sapiens,Illumina MiSeq,55.61 N 13.03 E,cel176,PAIRED,PCR,METAGENOMIC,gut metagenome,ILLUMINA,2021-06-25T00:00:00Z,2021-05-28T11:24:00Z,2,60B,SRP321288
SRR14642284,AMPLICON,600,82451207,PRJNA732664,SAMN19330968,"MIMARKS.survey,MIGS/MIMS/MIMARKS.human-gut",55708994,LUND UNIVERSITY,2014-10-14,public,"sra,run.zq","gs,s3,ncbi","gs.us-east1,s3.us-east-1,ncbi.public",Gut microbiome,Faecal,Faecal,SRX10981779,Sweden,Europe,Sweden,Homo sapiens,Illumina MiSeq,55.61 N 13.03 E,cel175,PAIRED,PCR,METAGENOMIC,gut metagenome,ILLUMINA,2021-06-25T00:00:00Z,2021-05-28T11:18:00Z,4,60A,SRP321288
SRR14642285,AMPLICON,601,118302518,PRJNA732664,SAMN19330967,"MIMARKS.survey,MIGS/MIMS/MIMARKS.human-gut",80770184,LUND UNIVERSITY,2014-10-04,public,"sra,run.zq","gs,ncbi,s3","gs.us-east1,ncbi.public,s3.us-east-1",Gut microbiome,Faecal,Faecal,SRX10981778,Sweden,Europe,Sweden,Homo sapiens,Illumina MiSeq,55.61 N 13.03 E,cel174,PAIRED,PCR,METAGENOMIC,gut metagenome,ILLUMINA,2021-06-25T00:00:00Z,2021-05-28T11:24:00Z,4,59C,SRP321288
SRR14642286,AMPLICON,600,75129155,PRJNA732664,SAMN19330966,"MIMARKS.survey,MIGS/MIMS/MIMARKS.human-gut",50224577,LUND UNIVERSITY,2014-05-12,public,"run.zq,sra","s3,ncbi,gs","ncbi.public,gs.us-east1,s3.us-east-1",Gut microbiome,Faecal,Faecal,SRX10981777,Sweden,Europe,Sweden,Homo sapiens,Illumina MiSeq,55.61 N 13.03 E,cel173,PAIRED,PCR,METAGENOMIC,gut metagenome,ILLUMINA,2021-06-25T00:00:00Z,2021-05-28T11:23:00Z,4,59B,SRP321288
SRR14642287,AMPLICON,600,89321280,PRJNA732664,SAMN19330965,"MIMARKS.survey,MIGS/MIMS/MIMARKS.human-gut",60417776,LUND UNIVERSITY,2014-02-12,public,"sra,run.zq","s3,ncbi,gs","ncbi.public,s3.us-east-1,gs.us-east1",Gut microbiome,Faecal,Faecal,SRX10981776,Sweden,Europe,Sweden,Homo sapiens,Illumina MiSeq,55.61 N 13.03 E,cel172,PAIRED,PCR,METAGENOMIC,gut metagenome,ILLUMINA,2021-06-25T00:00:00Z,2021-05-28T11:31:00Z,4,59A,SRP321288
SRR14642288,AMPLICON,600,78231729,PRJNA732664,SAMN19330964,"MIMARKS.survey,MIGS/MIMS/MIMARKS.human-gut",52449718,LUND UNIVERSITY,2015-12-01,public,"sra,run.zq","s3,ncbi,gs","gs.us-east1,s3.us-east-1,ncbi.public",Gut microbiome,Faecal,Faecal,SRX10981775,Sweden,Europe,Sweden,Homo sapiens,Illumina MiSeq,56.02 N 14.14 E,cel171,PAIRED,PCR,METAGENOMIC,gut metagenome,ILLUMINA,2021-06-25T00:00:00Z,2021-05-28T11:24:00Z,2,58C,SRP321288
SRR14642289,AMPLICON,600,52746898,PRJNA732664,SAMN19330811,"MIMARKS.survey,MIGS/MIMS/MIMARKS.human-gut",33529378,LUND UNIVERSITY,2012-11-12,public,"run.zq,sra","gs,ncbi,s3","ncbi.public,gs.us-east1,s3.us-east-1",Gut microbiome,Faecal,Faecal,SRX10981774,Sweden,Europe,Sweden,Homo sapiens,Illumina MiSeq,56.04 N 12.72 E,cel18,PAIRED,PCR,METAGENOMIC,gut metagenome,ILLUMINA,2021-06-25T00:00:00Z,2021-05-28T11:20:00Z,2,6C,SRP321288
SRR14642290,AMPLICON,600,72995312,PRJNA732664,SAMN19330963,"MIMARKS.survey,MIGS/MIMS/MIMARKS.human-gut",48805720,LUND UNIVERSITY,2015-09-01,public,"run.zq,sra","gs,ncbi,s3","ncbi.public,gs.us-east1,s3.us-east-1",Gut microbiome,Faecal,Faecal,SRX10981773,Sweden,Europe,Sweden,Homo sapiens,Illumina MiSeq,56.02 N 14.14 E,cel170,PAIRED,PCR,METAGENOMIC,gut metagenome,ILLUMINA,2021-06-25T00:00:00Z,2021-05-28T11:23:00Z,2,58B,SRP321288
SRR14642291,AMPLICON,600,196142640,PRJNA732664,SAMN19330962,"MIMARKS.survey,MIGS/MIMS/MIMARKS.human-gut",130008415,LUND UNIVERSITY,2015-06-07,public,"run.zq,sra","ncbi,s3,gs","ncbi.public,gs.us-east1,s3.us-east-1",Gut microbiome,Faecal,Faecal,SRX10981772,Sweden,Europe,Sweden,Homo sapiens,Illumina MiSeq,56.02 N 14.14 E,cel169,PAIRED,PCR,METAGENOMIC,gut metagenome,ILLUMINA,2021-06-25T00:00:00Z,2021-05-28T11:25:00Z,4,58A,SRP321288
SRR14642292,AMPLICON,600,77576233,PRJNA732664,SAMN19330961,"MIMARKS.survey,MIGS/MIMS/MIMARKS.human-gut",52753038,LUND UNIVERSITY,2015-03-13,public,"run.zq,sra","s3,gs,ncbi","gs.us-east1,ncbi.public,s3.us-east-1",Gut microbiome,Faecal,Faecal,SRX10981771,Sweden,Europe,Sweden,Homo sapiens,Illumina MiSeq,56.02 N 14.14 E,cel168,PAIRED,PCR,METAGENOMIC,gut metagenome,ILLUMINA,2021-06-25T00:00:00Z,2021-05-28T11:29:00Z,2,57C,SRP321288
SRR14642293,AMPLICON,600,70959033,PRJNA732664,SAMN19330960,"MIMARKS.survey,MIGS/MIMS/MIMARKS.human-gut",48170035,LUND UNIVERSITY,2014-09-22,public,"run.zq,sra","ncbi,s3,gs","s3.us-east-1,ncbi.public,gs.us-east1",Gut microbiome,Faecal,Faecal,SRX10981770,Sweden,Europe,Sweden,Homo sapiens,Illumina MiSeq,56.02 N 14.14 E,cel167,PAIRED,PCR,METAGENOMIC,gut metagenome,ILLUMINA,2021-06-25T00:00:00Z,2021-05-28T11:28:00Z,2,57B,SRP321288
SRR14642294,AMPLICON,600,124944584,PRJNA732664,SAMN19330959,"MIMARKS.survey,MIGS/MIMS/MIMARKS.human-gut",84650610,LUND UNIVERSITY,2014-11-10,public,"run.zq,sra","ncbi,gs,s3","s3.us-east-1,gs.us-east1,ncbi.public",Gut microbiome,Faecal,Faecal,SRX10981769,Sweden,Europe,Sweden,Homo sapiens,Illumina MiSeq,56.02 N 14.14 E,cel166,PAIRED,PCR,METAGENOMIC,gut metagenome,ILLUMINA,2021-06-25T00:00:00Z,2021-05-28T11:20:00Z,2,57A,SRP321288
SRR14642295,AMPLICON,601,41393308,PRJNA732664,SAMN19330958,"MIMARKS.survey,MIGS/MIMS/MIMARKS.human-gut",27747841,LUND UNIVERSITY,2015-03-10,public,"run.zq,sra","ncbi,s3,gs","gs.us-east1,s3.us-east-1,ncbi.public",Gut microbiome,Faecal,Faecal,SRX10981768,Sweden,Europe,Sweden,Homo sapiens,Illumina MiSeq,56.04 N 12.72 E,cel165,PAIRED,PCR,METAGENOMIC,gut metagenome,ILLUMINA,2021-06-25T00:00:00Z,2021-05-28T11:23:00Z,4,56C,SRP321288
SRR14642296,AMPLICON,601,66789521,PRJNA732664,SAMN19330957,"MIMARKS.survey,MIGS/MIMS/MIMARKS.human-gut",46268964,LUND UNIVERSITY,2014-11-05,public,"sra,run.zq","s3,ncbi,gs","s3.us-east-1,gs.us-east1,ncbi.public",Gut microbiome,Faecal,Faecal,SRX10981767,Sweden,Europe,Sweden,Homo sapiens,Illumina MiSeq,56.04 N 12.72 E,cel164,PAIRED,PCR,METAGENOMIC,gut metagenome,ILLUMINA,2021-06-25T00:00:00Z,2021-05-28T11:21:00Z,2,56B,SRP321288
SRR14642297,AMPLICON,601,96542402,PRJNA732664,SAMN19330956,"MIMARKS.survey,MIGS/MIMS/MIMARKS.human-gut",65242021,LUND UNIVERSITY,2014-08-15,public,"sra,run.zq","s3,gs,ncbi","gs.us-east1,s3.us-east-1,ncbi.public",Gut microbiome,Faecal,Faecal,SRX10981766,Sweden,Europe,Sweden,Homo sapiens,Illumina MiSeq,56.04 N 12.72 E,cel163,PAIRED,PCR,METAGENOMIC,gut metagenome,ILLUMINA,2021-06-25T00:00:00Z,2021-05-28T11:30:00Z,4,56A,SRP321288
SRR14642298,AMPLICON,600,90155627,PRJNA732664,SAMN19330955,"MIMARKS.survey,MIGS/MIMS/MIMARKS.human-gut",61163232,LUND UNIVERSITY,2014-08-23,public,"run.zq,sra","ncbi,s3,gs","s3.us-east-1,gs.us-east1,ncbi.public",Gut microbiome,Faecal,Faecal,SRX10981765,Sweden,Europe,Sweden,Homo sapiens,Illumina MiSeq,56.04 N 12.72 E,cel162,PAIRED,PCR,METAGENOMIC,gut metagenome,ILLUMINA,2021-06-25T00:00:00Z,2021-05-28T11:23:00Z,4,55C,SRP321288
SRR14642299,AMPLICON,600,87947745,PRJNA732664,SAMN19330954,"MIMARKS.survey,MIGS/MIMS/MIMARKS.human-gut",58703678,LUND UNIVERSITY,2014-06-09,public,"run.zq,sra","s3,ncbi,gs","gs.us-east1,s3.us-east-1,ncbi.public",Gut microbiome,Faecal,Faecal,SRX10981764,Sweden,Europe,Sweden,Homo sapiens,Illumina MiSeq,56.04 N 12.72 E,cel161,PAIRED,PCR,METAGENOMIC,gut metagenome,ILLUMINA,2021-06-25T00:00:00Z,2021-05-28T11:28:00Z,2,55B,SRP321288
SRR14642300,AMPLICON,600,81640573,PRJNA732664,SAMN19330810,"MIMARKS.survey,MIGS/MIMS/MIMARKS.human-gut",51009582,LUND UNIVERSITY,2012-08-21,public,"run.zq,sra","gs,s3,ncbi","ncbi.public,gs.us-east1,s3.us-east-1",Gut microbiome,Faecal,Faecal,SRX10981763,Sweden,Europe,Sweden,Homo sapiens,Illumina MiSeq,56.04 N 12.72 E,cel17,PAIRED,PCR,METAGENOMIC,gut metagenome,ILLUMINA,2021-06-25T00:00:00Z,2021-05-28T11:26:00Z,2,6B,SRP321288
SRR14642301,AMPLICON,600,50045253,PRJNA732664,SAMN19330953,"MIMARKS.survey,MIGS/MIMS/MIMARKS.human-gut",33818671,LUND UNIVERSITY,2014-03-22,public,"run.zq,sra","ncbi,gs,s3","s3.us-east-1,ncbi.public,gs.us-east1",Gut microbiome,Faecal,Faecal,SRX10981762,Sweden,Europe,Sweden,Homo sapiens,Illumina MiSeq,56.04 N 12.72 E,cel160,PAIRED,PCR,METAGENOMIC,gut metagenome,ILLUMINA,2021-06-25T00:00:00Z,2021-05-28T11:31:00Z,4,55A,SRP321288
SRR14642302,AMPLICON,600,72005241,PRJNA732664,SAMN19330952,"MIMARKS.survey,MIGS/MIMS/MIMARKS.human-gut",48957700,LUND UNIVERSITY,2014-04-27,public,"sra,run.zq","gs,ncbi,s3","ncbi.public,gs.us-east1,s3.us-east-1",Gut microbiome,Faecal,Faecal,SRX10981761,Sweden,Europe,Sweden,Homo sapiens,Illumina MiSeq,55.61 N 13.03 E,cel159,PAIRED,PCR,METAGENOMIC,gut metagenome,ILLUMINA,2021-06-25T00:00:00Z,2021-05-28T11:26:00Z,2,54C,SRP321288
SRR14642303,AMPLICON,600,91962447,PRJNA732664,SAMN19330951,"MIMARKS.survey,MIGS/MIMS/MIMARKS.human-gut",62437185,LUND UNIVERSITY,2014-01-12,public,"sra,run.zq","ncbi,s3,gs","gs.us-east1,s3.us-east-1,ncbi.public",Gut microbiome,Faecal,Faecal,SRX10981760,Sweden,Europe,Sweden,Homo sapiens,Illumina MiSeq,55.61 N 13.03 E,cel158,PAIRED,PCR,METAGENOMIC,gut metagenome,ILLUMINA,2021-06-25T00:00:00Z,2021-05-28T11:25:00Z,2,54B,SRP321288
SRR14642304,AMPLICON,600,93538419,PRJNA732664,SAMN19330950,"MIMARKS.survey,MIGS/MIMS/MIMARKS.human-gut",63320051,LUND UNIVERSITY,2013-10-20,public,"sra,run.zq","gs,ncbi,s3","ncbi.public,s3.us-east-1,gs.us-east1",Gut microbiome,Faecal,Faecal,SRX10981759,Sweden,Europe,Sweden,Homo sapiens,Illumina MiSeq,55.61 N 13.03 E,cel157,PAIRED,PCR,METAGENOMIC,gut metagenome,ILLUMINA,2021-06-25T00:00:00Z,2021-05-28T11:20:00Z,4,54A,SRP321288
SRR14642305,AMPLICON,600,77461563,PRJNA732664,SAMN19330949,"MIMARKS.survey,MIGS/MIMS/MIMARKS.human-gut",48504725,LUND UNIVERSITY,2013-12-09,public,"run.zq,sra","gs,ncbi,s3","s3.us-east-1,ncbi.public,gs.us-east1",Gut microbiome,Faecal,Faecal,SRX10981758,Sweden,Europe,Sweden,Homo sapiens,Illumina MiSeq,55.61 N 13.03 E,cel156,PAIRED,PCR,METAGENOMIC,gut metagenome,ILLUMINA,2021-06-25T00:00:00Z,2021-05-28T11:30:00Z,2,53C,SRP321288
SRR14642306,AMPLICON,600,63510116,PRJNA732664,SAMN19330948,"MIMARKS.survey,MIGS/MIMS/MIMARKS.human-gut",39477656,LUND UNIVERSITY,2013-10-07,public,"run.zq,sra","s3,gs,ncbi","ncbi.public,s3.us-east-1,gs.us-east1",Gut microbiome,Faecal,Faecal,SRX10981757,Sweden,Europe,Sweden,Homo sapiens,Illumina MiSeq,55.61 N 13.03 E,cel155,PAIRED,PCR,METAGENOMIC,gut metagenome,ILLUMINA,2021-06-25T00:00:00Z,2021-05-28T11:26:00Z,2,53B,SRP321288
SRR14642307,AMPLICON,600,66523693,PRJNA732664,SAMN19330947,"MIMARKS.survey,MIGS/MIMS/MIMARKS.human-gut",42150676,LUND UNIVERSITY,2013-06-25,public,"run.zq,sra","ncbi,gs,s3","s3.us-east-1,gs.us-east1,ncbi.public",Gut microbiome,Faecal,Faecal,SRX10981756,Sweden,Europe,Sweden,Homo sapiens,Illumina MiSeq,55.61 N 13.03 E,cel154,PAIRED,PCR,METAGENOMIC,gut metagenome,ILLUMINA,2021-06-25T00:00:00Z,2021-05-28T11:26:00Z,2,53A,SRP321288
SRR14642308,AMPLICON,600,50158980,PRJNA732664,SAMN19330946,"MIMARKS.survey,MIGS/MIMS/MIMARKS.human-gut",31388084,LUND UNIVERSITY,2014-02-08,public,"sra,run.zq","s3,gs,ncbi","gs.us-east1,ncbi.public,s3.us-east-1",Gut microbiome,Faecal,Faecal,SRX10981755,Sweden,Europe,Sweden,Homo sapiens,Illumina MiSeq,55.61 N 13.03 E,cel153,PAIRED,PCR,METAGENOMIC,gut metagenome,ILLUMINA,2021-06-25T00:00:00Z,2021-05-28T11:23:00Z,2,52C,SRP321288
SRR14642309,AMPLICON,600,61156888,PRJNA732664,SAMN19330945,"MIMARKS.survey,MIGS/MIMS/MIMARKS.human-gut",37513003,LUND UNIVERSITY,2013-11-01,public,"sra,run.zq","ncbi,gs,s3","s3.us-east-1,ncbi.public,gs.us-east1",Gut microbiome,Faecal,Faecal,SRX10981754,Sweden,Europe,Sweden,Homo sapiens,Illumina MiSeq,55.61 N 13.03 E,cel152,PAIRED,PCR,METAGENOMIC,gut metagenome,ILLUMINA,2021-06-25T00:00:00Z,2021-05-28T11:29:00Z,2,52B,SRP321288
SRR14642310,AMPLICON,600,72926221,PRJNA732664,SAMN19330944,"MIMARKS.survey,MIGS/MIMS/MIMARKS.human-gut",46045515,LUND UNIVERSITY,2013-08-15,public,"sra,run.zq","ncbi,gs,s3","s3.us-east-1,gs.us-east1,ncbi.public",Gut microbiome,Faecal,Faecal,SRX10981753,Sweden,Europe,Sweden,Homo sapiens,Illumina MiSeq,55.61 N 13.03 E,cel151,PAIRED,PCR,METAGENOMIC,gut metagenome,ILLUMINA,2021-06-25T00:00:00Z,2021-05-28T11:24:00Z,2,52A,SRP321288
SRR14642311,AMPLICON,600,29654810,PRJNA732664,SAMN19330809,"MIMARKS.survey,MIGS/MIMS/MIMARKS.human-gut",18778453,LUND UNIVERSITY,2012-05-14,public,"sra,run.zq","ncbi,gs,s3","gs.us-east1,ncbi.public,s3.us-east-1",Gut microbiome,Faecal,Faecal,SRX10981752,Sweden,Europe,Sweden,Homo sapiens,Illumina MiSeq,56.04 N 12.72 E,cel16,PAIRED,PCR,METAGENOMIC,gut metagenome,ILLUMINA,2021-06-25T00:00:00Z,2021-05-28T11:22:00Z,2,6A,SRP321288
SRR14642312,AMPLICON,600,74534695,PRJNA732664,SAMN19330943,"MIMARKS.survey,MIGS/MIMS/MIMARKS.human-gut",47182144,LUND UNIVERSITY,2014-03-30,public,"run.zq,sra","gs,ncbi,s3","gs.us-east1,s3.us-east-1,ncbi.public",Gut microbiome,Faecal,Faecal,SRX10981751,Sweden,Europe,Sweden,Homo sapiens,Illumina MiSeq,55.61 N 13.03 E,cel150,PAIRED,PCR,METAGENOMIC,gut metagenome,ILLUMINA,2021-06-25T00:00:00Z,2021-05-28T11:25:00Z,2,51C,SRP321288
SRR14642313,AMPLICON,600,65776544,PRJNA732664,SAMN19330942,"MIMARKS.survey,MIGS/MIMS/MIMARKS.human-gut",41428180,LUND UNIVERSITY,2013-12-09,public,"run.zq,sra","s3,ncbi,gs","gs.us-east1,ncbi.public,s3.us-east-1",Gut microbiome,Faecal,Faecal,SRX10981750,Sweden,Europe,Sweden,Homo sapiens,Illumina MiSeq,55.61 N 13.03 E,cel149,PAIRED,PCR,METAGENOMIC,gut metagenome,ILLUMINA,2021-06-25T00:00:00Z,2021-05-28T11:23:00Z,2,51B,SRP321288
SRR14642314,AMPLICON,600,112951214,PRJNA732664,SAMN19330941,"MIMARKS.survey,MIGS/MIMS/MIMARKS.human-gut",70777658,LUND UNIVERSITY,2013-10-06,public,"run.zq,sra","s3,gs,ncbi","s3.us-east-1,ncbi.public,gs.us-east1",Gut microbiome,Faecal,Faecal,SRX10981749,Sweden,Europe,Sweden,Homo sapiens,Illumina MiSeq,55.61 N 13.03 E,cel148,PAIRED,PCR,METAGENOMIC,gut metagenome,ILLUMINA,2021-06-25T00:00:00Z,2021-05-28T11:22:00Z,2,51A,SRP321288
SRR14642315,AMPLICON,600,51884385,PRJNA732664,SAMN19330940,"MIMARKS.survey,MIGS/MIMS/MIMARKS.human-gut",32654977,LUND UNIVERSITY,2013-10-15,public,"sra,run.zq","ncbi,s3,gs","s3.us-east-1,gs.us-east1,ncbi.public",Gut microbiome,Faecal,Faecal,SRX10981748,Sweden,Europe,Sweden,Homo sapiens,Illumina MiSeq,55.61 N 13.03 E,cel147,PAIRED,PCR,METAGENOMIC,gut metagenome,ILLUMINA,2021-06-25T00:00:00Z,2021-05-28T11:23:00Z,2,50C,SRP321288
SRR14642316,AMPLICON,600,42137660,PRJNA732664,SAMN19330939,"MIMARKS.survey,MIGS/MIMS/MIMARKS.human-gut",26479857,LUND UNIVERSITY,2013-08-03,public,"run.zq,sra","s3,ncbi,gs","ncbi.public,s3.us-east-1,gs.us-east1",Gut microbiome,Faecal,Faecal,SRX10981747,Sweden,Europe,Sweden,Homo sapiens,Illumina MiSeq,55.61 N 13.03 E,cel146,PAIRED,PCR,METAGENOMIC,gut metagenome,ILLUMINA,2021-06-25T00:00:00Z,2021-05-28T11:33:00Z,2,50B,SRP321288
SRR14642317,AMPLICON,600,53955099,PRJNA732664,SAMN19330938,"MIMARKS.survey,MIGS/MIMS/MIMARKS.human-gut",33674027,LUND UNIVERSITY,2013-05-07,public,"run.zq,sra","gs,s3,ncbi","ncbi.public,s3.us-east-1,gs.us-east1",Gut microbiome,Faecal,Faecal,SRX10981746,Sweden,Europe,Sweden,Homo sapiens,Illumina MiSeq,55.61 N 13.03 E,cel145,PAIRED,PCR,METAGENOMIC,gut metagenome,ILLUMINA,2021-06-25T00:00:00Z,2021-05-28T11:27:00Z,2,50A,SRP321288
SRR14642318,AMPLICON,600,48131340,PRJNA732664,SAMN19330937,"MIMARKS.survey,MIGS/MIMS/MIMARKS.human-gut",30017357,LUND UNIVERSITY,2013-10-29,public,"sra,run.zq","gs,ncbi,s3","ncbi.public,s3.us-east-1,gs.us-east1",Gut microbiome,Faecal,Faecal,SRX10981745,Sweden,Europe,Sweden,Homo sapiens,Illumina MiSeq,55.61 N 13.03 E,cel144,PAIRED,PCR,METAGENOMIC,gut metagenome,ILLUMINA,2021-06-25T00:00:00Z,2021-05-28T11:34:00Z,2,49C,SRP321288
SRR14642319,AMPLICON,600,59111211,PRJNA732664,SAMN19330936,"MIMARKS.survey,MIGS/MIMS/MIMARKS.human-gut",37150230,LUND UNIVERSITY,2013-07-28,public,"run.zq,sra","s3,ncbi,gs","ncbi.public,s3.us-east-1,gs.us-east1",Gut microbiome,Faecal,Faecal,SRX10981744,Sweden,Europe,Sweden,Homo sapiens,Illumina MiSeq,55.61 N 13.03 E,cel143,PAIRED,PCR,METAGENOMIC,gut metagenome,ILLUMINA,2021-06-25T00:00:00Z,2021-05-28T11:26:00Z,2,49B,SRP321288
SRR14642320,AMPLICON,600,67634796,PRJNA732664,SAMN19330935,"MIMARKS.survey,MIGS/MIMS/MIMARKS.human-gut",42693921,LUND UNIVERSITY,2013-04-17,public,"run.zq,sra","gs,s3,ncbi","gs.us-east1,ncbi.public,s3.us-east-1",Gut microbiome,Faecal,Faecal,SRX10981743,Sweden,Europe,Sweden,Homo sapiens,Illumina MiSeq,55.61 N 13.03 E,cel142,PAIRED,PCR,METAGENOMIC,gut metagenome,ILLUMINA,2021-06-25T00:00:00Z,2021-05-28T11:25:00Z,2,49A,SRP321288
SRR14642321,AMPLICON,600,43609664,PRJNA732664,SAMN19330934,"MIMARKS.survey,MIGS/MIMS/MIMARKS.human-gut",27769598,LUND UNIVERSITY,2013-06-18,public,"sra,run.zq","gs,ncbi,s3","s3.us-east-1,ncbi.public,gs.us-east1",Gut microbiome,Faecal,Faecal,SRX10981742,Sweden,Europe,Sweden,Homo sapiens,Illumina MiSeq,55.61 N 13.03 E,cel141,PAIRED,PCR,METAGENOMIC,gut metagenome,ILLUMINA,2021-06-25T00:00:00Z,2021-05-28T11:24:00Z,2,48C,SRP321288
SRR14642322,AMPLICON,600,117318792,PRJNA732664,SAMN19330808,"MIMARKS.survey,MIGS/MIMS/MIMARKS.human-gut",74439689,LUND UNIVERSITY,2012-06-11,public,"run.zq,sra","ncbi,gs,s3","s3.us-east-1,gs.us-east1,ncbi.public",Gut microbiome,Faecal,Faecal,SRX10981741,Sweden,Europe,Sweden,Homo sapiens,Illumina MiSeq,56.04 N 12.72 E,cel15,PAIRED,PCR,METAGENOMIC,gut metagenome,ILLUMINA,2021-06-25T00:00:00Z,2021-05-28T11:26:00Z,2,5C,SRP321288
SRR14642323,AMPLICON,600,42136521,PRJNA732664,SAMN19330933,"MIMARKS.survey,MIGS/MIMS/MIMARKS.human-gut",29445241,LUND UNIVERSITY,2013-03-03,public,"run.zq,sra","ncbi,gs,s3","s3.us-east-1,gs.us-east1,ncbi.public",Gut microbiome,Faecal,Faecal,SRX10981740,Sweden,Europe,Sweden,Homo sapiens,Illumina MiSeq,55.61 N 13.03 E,cel140,PAIRED,PCR,METAGENOMIC,gut metagenome,ILLUMINA,2021-06-25T00:00:00Z,2021-05-28T11:34:00Z,2,48B,SRP321288
SRR14642324,AMPLICON,600,56418891,PRJNA732664,SAMN19330932,"MIMARKS.survey,MIGS/MIMS/MIMARKS.human-gut",36510900,LUND UNIVERSITY,2012-12-10,public,"run.zq,sra","gs,ncbi,s3","gs.us-east1,ncbi.public,s3.us-east-1",Gut microbiome,Faecal,Faecal,SRX10981739,Sweden,Europe,Sweden,Homo sapiens,Illumina MiSeq,55.61 N 13.03 E,cel139,PAIRED,PCR,METAGENOMIC,gut metagenome,ILLUMINA,2021-06-25T00:00:00Z,2021-05-28T11:29:00Z,2,48A,SRP321288
SRR14642325,AMPLICON,600,48501704,PRJNA732664,SAMN19330931,"MIMARKS.survey,MIGS/MIMS/MIMARKS.human-gut",30352852,LUND UNIVERSITY,2013-10-23,public,"sra,run.zq","ncbi,gs,s3","gs.us-east1,s3.us-east-1,ncbi.public",Gut microbiome,Faecal,Faecal,SRX10981738,Sweden,Europe,Sweden,Homo sapiens,Illumina MiSeq,56.02 N 14.14 E,cel138,PAIRED,PCR,METAGENOMIC,gut metagenome,ILLUMINA,2021-06-25T00:00:00Z,2021-05-28T11:31:00Z,4,47C,SRP321288
SRR14642326,AMPLICON,600,67176739,PRJNA732664,SAMN19330930,"MIMARKS.survey,MIGS/MIMS/MIMARKS.human-gut",42460493,LUND UNIVERSITY,2013-08-04,public,"sra,run.zq","s3,ncbi,gs","s3.us-east-1,ncbi.public,gs.us-east1",Gut microbiome,Faecal,Faecal,SRX10981737,Sweden,Europe,Sweden,Homo sapiens,Illumina MiSeq,56.02 N 14.14 E,cel137,PAIRED,PCR,METAGENOMIC,gut metagenome,ILLUMINA,2021-06-25T00:00:00Z,2021-05-28T11:29:00Z,2,47B,SRP321288
SRR14642327,AMPLICON,600,64177120,PRJNA732664,SAMN19330929,"MIMARKS.survey,MIGS/MIMS/MIMARKS.human-gut",40219718,LUND UNIVERSITY,2013-04-23,public,"run.zq,sra","ncbi,s3,gs","gs.us-east1,ncbi.public,s3.us-east-1",Gut microbiome,Faecal,Faecal,SRX10981736,Sweden,Europe,Sweden,Homo sapiens,Illumina MiSeq,56.02 N 14.14 E,cel136,PAIRED,PCR,METAGENOMIC,gut metagenome,ILLUMINA,2021-06-25T00:00:00Z,2021-05-28T11:28:00Z,2,47A,SRP321288
SRR14642328,AMPLICON,600,58498949,PRJNA732664,SAMN19330928,"MIMARKS.survey,MIGS/MIMS/MIMARKS.human-gut",37102870,LUND UNIVERSITY,2013-11-25,public,"run.zq,sra","s3,gs,ncbi","s3.us-east-1,gs.us-east1,ncbi.public",Gut microbiome,Faecal,Faecal,SRX10981735,Sweden,Europe,Sweden,Homo sapiens,Illumina MiSeq,56.02 N 14.14 E,cel135,PAIRED,PCR,METAGENOMIC,gut metagenome,ILLUMINA,2021-06-25T00:00:00Z,2021-05-28T11:31:00Z,2,46C,SRP321288
SRR14642329,AMPLICON,600,69147915,PRJNA732664,SAMN19330927,"MIMARKS.survey,MIGS/MIMS/MIMARKS.human-gut",43644598,LUND UNIVERSITY,2013-07-14,public,"sra,run.zq","ncbi,gs,s3","ncbi.public,gs.us-east1,s3.us-east-1",Gut microbiome,Faecal,Faecal,SRX10981734,Sweden,Europe,Sweden,Homo sapiens,Illumina MiSeq,56.02 N 14.14 E,cel134,PAIRED,PCR,METAGENOMIC,gut metagenome,ILLUMINA,2021-06-25T00:00:00Z,2021-05-28T11:27:00Z,2,46B,SRP321288
SRR14642330,AMPLICON,600,29474866,PRJNA732664,SAMN19330926,"MIMARKS.survey,MIGS/MIMS/MIMARKS.human-gut",18394017,LUND UNIVERSITY,2013-04-14,public,"sra,run.zq","gs,ncbi,s3","s3.us-east-1,ncbi.public,gs.us-east1",Gut microbiome,Faecal,Faecal,SRX10981733,Sweden,Europe,Sweden,Homo sapiens,Illumina MiSeq,56.02 N 14.14 E,cel133,PAIRED,PCR,METAGENOMIC,gut metagenome,ILLUMINA,2021-06-25T00:00:00Z,2021-05-28T11:34:00Z,2,46A,SRP321288
SRR14642331,AMPLICON,600,50120603,PRJNA732664,SAMN19330925,"MIMARKS.survey,MIGS/MIMS/MIMARKS.human-gut",31801057,LUND UNIVERSITY,2013-07-10,public,"sra,run.zq","s3,gs,ncbi","ncbi.public,gs.us-east1,s3.us-east-1",Gut microbiome,Faecal,Faecal,SRX10981732,Sweden,Europe,Sweden,Homo sapiens,Illumina MiSeq,56.02 N 14.14 E,cel132,PAIRED,PCR,METAGENOMIC,gut metagenome,ILLUMINA,2021-06-25T00:00:00Z,2021-05-28T11:25:00Z,2,45C,SRP321288
SRR14642332,AMPLICON,600,60195603,PRJNA732664,SAMN19330924,"MIMARKS.survey,MIGS/MIMS/MIMARKS.human-gut",37777434,LUND UNIVERSITY,2013-04-08,public,"sra,run.zq","s3,gs,ncbi","s3.us-east-1,ncbi.public,gs.us-east1",Gut microbiome,Faecal,Faecal,SRX10981731,Sweden,Europe,Sweden,Homo sapiens,Illumina MiSeq,56.02 N 14.14 E,cel131,PAIRED,PCR,METAGENOMIC,gut metagenome,ILLUMINA,2021-06-25T00:00:00Z,2021-05-28T11:29:00Z,2,45B,SRP321288
SRR14642333,AMPLICON,600,74399005,PRJNA732664,SAMN19330893,"MIMARKS.survey,MIGS/MIMS/MIMARKS.human-gut",46928985,LUND UNIVERSITY,2012-05-14,public,"sra,run.zq","s3,ncbi,gs","s3.us-east-1,ncbi.public,gs.us-east1",Gut microbiome,Faecal,Faecal,SRX10981730,Sweden,Europe,Sweden,Homo sapiens,Illumina MiSeq,55.61 N 13.03 E,cel100,PAIRED,PCR,METAGENOMIC,gut metagenome,ILLUMINA,2021-06-25T00:00:00Z,2021-05-28T11:29:00Z,2,34A,SRP321288
SRR14642334,AMPLICON,600,37766712,PRJNA732664,SAMN19330892,"MIMARKS.survey,MIGS/MIMS/MIMARKS.human-gut",23173631,LUND UNIVERSITY,2012-10-25,public,"run.zq,sra","ncbi,s3,gs","s3.us-east-1,gs.us-east1,ncbi.public",Gut microbiome,Faecal,Faecal,SRX10981729,Sweden,Europe,Sweden,Homo sapiens,Illumina MiSeq,55.61 N 13.03 E,cel99,PAIRED,PCR,METAGENOMIC,gut metagenome,ILLUMINA,2021-06-25T00:00:00Z,2021-05-28T11:30:00Z,2,33C,SRP321288
SRR14642335,AMPLICON,600,61476583,PRJNA732664,SAMN19330891,"MIMARKS.survey,MIGS/MIMS/MIMARKS.human-gut",38851356,LUND UNIVERSITY,2012-08-05,public,"run.zq,sra","gs,ncbi,s3","ncbi.public,gs.us-east1,s3.us-east-1",Gut microbiome,Faecal,Faecal,SRX10981728,Sweden,Europe,Sweden,Homo sapiens,Illumina MiSeq,55.61 N 13.03 E,cel98,PAIRED,PCR,METAGENOMIC,gut metagenome,ILLUMINA,2021-06-25T00:00:00Z,2021-05-28T11:37:00Z,2,33B,SRP321288
SRR14642336,AMPLICON,600,72147790,PRJNA732664,SAMN19330890,"MIMARKS.survey,MIGS/MIMS/MIMARKS.human-gut",45097963,LUND UNIVERSITY,2012-05-03,public,"sra,run.zq","ncbi,gs,s3","ncbi.public,s3.us-east-1,gs.us-east1",Gut microbiome,Faecal,Faecal,SRX10981727,Sweden,Europe,Sweden,Homo sapiens,Illumina MiSeq,55.61 N 13.03 E,cel97,PAIRED,PCR,METAGENOMIC,gut metagenome,ILLUMINA,2021-06-25T00:00:00Z,2021-05-28T11:29:00Z,2,33A,SRP321288
SRR14642337,AMPLICON,600,57279898,PRJNA732664,SAMN19330889,"MIMARKS.survey,MIGS/MIMS/MIMARKS.human-gut",36137991,LUND UNIVERSITY,2012-11-13,public,"sra,run.zq","s3,gs,ncbi","gs.us-east1,s3.us-east-1,ncbi.public",Gut microbiome,Faecal,Faecal,SRX10981726,Sweden,Europe,Sweden,Homo sapiens,Illumina MiSeq,55.61 N 13.03 E,cel96,PAIRED,PCR,METAGENOMIC,gut metagenome,ILLUMINA,2021-06-25T00:00:00Z,2021-05-28T11:32:00Z,2,32C,SRP321288
SRR14642338,AMPLICON,600,70575782,PRJNA732664,SAMN19330888,"MIMARKS.survey,MIGS/MIMS/MIMARKS.human-gut",43989562,LUND UNIVERSITY,2012-08-13,public,"run.zq,sra","ncbi,gs,s3","gs.us-east1,ncbi.public,s3.us-east-1",Gut microbiome,Faecal,Faecal,SRX10981725,Sweden,Europe,Sweden,Homo sapiens,Illumina MiSeq,55.61 N 13.03 E,cel95,PAIRED,PCR,METAGENOMIC,gut metagenome,ILLUMINA,2021-06-25T00:00:00Z,2021-05-28T11:32:00Z,2,32B,SRP321288
SRR14642339,AMPLICON,600,65908131,PRJNA732664,SAMN19330887,"MIMARKS.survey,MIGS/MIMS/MIMARKS.human-gut",45229901,LUND UNIVERSITY,2012-05-04,public,"run.zq,sra","s3,ncbi,gs","gs.us-east1,ncbi.public,s3.us-east-1",Gut microbiome,Faecal,Faecal,SRX10981724,Sweden,Europe,Sweden,Homo sapiens,Illumina MiSeq,55.61 N 13.03 E,cel94,PAIRED,PCR,METAGENOMIC,gut metagenome,ILLUMINA,2021-06-25T00:00:00Z,2021-05-28T11:27:00Z,2,32A,SRP321288
SRR14642340,AMPLICON,600,69194749,PRJNA732664,SAMN19330886,"MIMARKS.survey,MIGS/MIMS/MIMARKS.human-gut",43243459,LUND UNIVERSITY,2012-11-20,public,"run.zq,sra","s3,ncbi,gs","s3.us-east-1,ncbi.public,gs.us-east1",Gut microbiome,Faecal,Faecal,SRX10981723,Sweden,Europe,Sweden,Homo sapiens,Illumina MiSeq,55.61 N 13.03 E,cel93,PAIRED,PCR,METAGENOMIC,gut metagenome,ILLUMINA,2021-06-25T00:00:00Z,2021-05-28T11:33:00Z,2,31C,SRP321288
SRR14642341,AMPLICON,600,66145129,PRJNA732664,SAMN19330885,"MIMARKS.survey,MIGS/MIMS/MIMARKS.human-gut",41326965,LUND UNIVERSITY,2012-08-28,public,"run.zq,sra","ncbi,s3,gs","s3.us-east-1,gs.us-east1,ncbi.public",Gut microbiome,Faecal,Faecal,SRX10981722,Sweden,Europe,Sweden,Homo sapiens,Illumina MiSeq,55.61 N 13.03 E,cel92,PAIRED,PCR,METAGENOMIC,gut metagenome,ILLUMINA,2021-06-25T00:00:00Z,2021-05-28T11:30:00Z,2,31B,SRP321288
SRR14642342,AMPLICON,600,63858245,PRJNA732664,SAMN19330884,"MIMARKS.survey,MIGS/MIMS/MIMARKS.human-gut",40550829,LUND UNIVERSITY,2012-06-04,public,"run.zq,sra","ncbi,s3,gs","s3.us-east-1,ncbi.public,gs.us-east1",Gut microbiome,Faecal,Faecal,SRX10981721,Sweden,Europe,Sweden,Homo sapiens,Illumina MiSeq,55.61 N 13.03 E,cel91,PAIRED,PCR,METAGENOMIC,gut metagenome,ILLUMINA,2021-06-25T00:00:00Z,2021-05-28T11:32:00Z,2,31A,SRP321288
SRR14642343,AMPLICON,600,44391370,PRJNA732664,SAMN19330803,"MIMARKS.survey,MIGS/MIMS/MIMARKS.human-gut",27916923,LUND UNIVERSITY,2012-05-03,public,"sra,run.zq","s3,gs,ncbi","ncbi.public,gs.us-east1,s3.us-east-1",Gut microbiome,Faecal,Faecal,SRX10981720,Sweden,Europe,Sweden,Homo sapiens,Illumina MiSeq,56.04 N 12.72 E,cel10,PAIRED,PCR,METAGENOMIC,gut metagenome,ILLUMINA,2021-06-25T00:00:00Z,2021-05-28T11:30:00Z,2,4A,SRP321288
SRR14642344,AMPLICON,600,68516308,PRJNA732664,SAMN19330883,"MIMARKS.survey,MIGS/MIMS/MIMARKS.human-gut",42688693,LUND UNIVERSITY,2012-09-16,public,"run.zq,sra","ncbi,s3,gs","ncbi.public,s3.us-east-1,gs.us-east1",Gut microbiome,Faecal,Faecal,SRX10981719,Sweden,Europe,Sweden,Homo sapiens,Illumina MiSeq,56.04 N 12.72 E,cel90,PAIRED,PCR,METAGENOMIC,gut metagenome,ILLUMINA,2021-06-25T00:00:00Z,2021-05-28T11:32:00Z,2,30C,SRP321288
SRR14642345,AMPLICON,600,74308690,PRJNA732664,SAMN19330882,"MIMARKS.survey,MIGS/MIMS/MIMARKS.human-gut",46257512,LUND UNIVERSITY,2012-06-25,public,"run.zq,sra","s3,ncbi,gs","gs.us-east1,ncbi.public,s3.us-east-1",Gut microbiome,Faecal,Faecal,SRX10981718,Sweden,Europe,Sweden,Homo sapiens,Illumina MiSeq,56.04 N 12.72 E,cel89,PAIRED,PCR,METAGENOMIC,gut metagenome,ILLUMINA,2021-06-25T00:00:00Z,2021-05-28T11:31:00Z,2,30B,SRP321288
SRR14642346,AMPLICON,600,51222261,PRJNA732664,SAMN19330881,"MIMARKS.survey,MIGS/MIMS/MIMARKS.human-gut",32328203,LUND UNIVERSITY,2012-03-24,public,"sra,run.zq","ncbi,gs,s3","gs.us-east1,s3.us-east-1,ncbi.public",Gut microbiome,Faecal,Faecal,SRX10981717,Sweden,Europe,Sweden,Homo sapiens,Illumina MiSeq,56.04 N 12.72 E,cel88,PAIRED,PCR,METAGENOMIC,gut metagenome,ILLUMINA,2021-06-25T00:00:00Z,2021-05-28T11:30:00Z,2,30A,SRP321288
SRR14642347,AMPLICON,600,45789919,PRJNA732664,SAMN19330880,"MIMARKS.survey,MIGS/MIMS/MIMARKS.human-gut",27601134,LUND UNIVERSITY,2012-09-04,public,"run.zq,sra","s3,gs,ncbi","gs.us-east1,ncbi.public,s3.us-east-1",Gut microbiome,Faecal,Faecal,SRX10981716,Sweden,Europe,Sweden,Homo sapiens,Illumina MiSeq,56.04 N 12.72 E,cel87,PAIRED,PCR,METAGENOMIC,gut metagenome,ILLUMINA,2021-06-25T00:00:00Z,2021-05-28T11:33:00Z,2,29C,SRP321288
SRR14642348,AMPLICON,600,57626524,PRJNA732664,SAMN19330879,"MIMARKS.survey,MIGS/MIMS/MIMARKS.human-gut",36440188,LUND UNIVERSITY,2012-06-04,public,"sra,run.zq","s3,gs,ncbi","ncbi.public,gs.us-east1,s3.us-east-1",Gut microbiome,Faecal,Faecal,SRX10981715,Sweden,Europe,Sweden,Homo sapiens,Illumina MiSeq,56.04 N 12.72 E,cel86,PAIRED,PCR,METAGENOMIC,gut metagenome,ILLUMINA,2021-06-25T00:00:00Z,2021-05-28T11:31:00Z,2,29B,SRP321288
SRR14642349,AMPLICON,600,73580040,PRJNA732664,SAMN19330878,"MIMARKS.survey,MIGS/MIMS/MIMARKS.human-gut",45360075,LUND UNIVERSITY,2012-03-21,public,"run.zq,sra","s3,ncbi,gs","gs.us-east1,ncbi.public,s3.us-east-1",Gut microbiome,Faecal,Faecal,SRX10981714,Sweden,Europe,Sweden,Homo sapiens,Illumina MiSeq,56.04 N 12.72 E,cel85,PAIRED,PCR,METAGENOMIC,gut metagenome,ILLUMINA,2021-06-25T00:00:00Z,2021-05-28T11:34:00Z,4,29A,SRP321288
SRR14642350,AMPLICON,600,64649686,PRJNA732664,SAMN19330877,"MIMARKS.survey,MIGS/MIMS/MIMARKS.human-gut",40395271,LUND UNIVERSITY,2012-09-18,public,"sra,run.zq","ncbi,gs,s3","s3.us-east-1,gs.us-east1,ncbi.public",Gut microbiome,Faecal,Faecal,SRX10981713,Sweden,Europe,Sweden,Homo sapiens,Illumina MiSeq,56.04 N 12.72 E,cel84,PAIRED,PCR,METAGENOMIC,gut metagenome,ILLUMINA,2021-06-25T00:00:00Z,2021-05-28T11:33:00Z,2,28C,SRP321288
SRR14642351,AMPLICON,600,55789998,PRJNA732664,SAMN19330876,"MIMARKS.survey,MIGS/MIMS/MIMARKS.human-gut",34252886,LUND UNIVERSITY,2012-06-13,public,"sra,run.zq","s3,gs,ncbi","s3.us-east-1,ncbi.public,gs.us-east1",Gut microbiome,Faecal,Faecal,SRX10981712,Sweden,Europe,Sweden,Homo sapiens,Illumina MiSeq,56.04 N 12.72 E,cel83,PAIRED,PCR,METAGENOMIC,gut metagenome,ILLUMINA,2021-06-25T00:00:00Z,2021-05-28T11:34:00Z,2,28B,SRP321288
SRR14642352,AMPLICON,600,70219454,PRJNA732664,SAMN19330875,"MIMARKS.survey,MIGS/MIMS/MIMARKS.human-gut",43213713,LUND UNIVERSITY,2012-03-15,public,"sra,run.zq","s3,gs,ncbi","ncbi.public,gs.us-east1,s3.us-east-1",Gut microbiome,Faecal,Faecal,SRX10981711,Sweden,Europe,Sweden,Homo sapiens,Illumina MiSeq,56.04 N 12.72 E,cel82,PAIRED,PCR,METAGENOMIC,gut metagenome,ILLUMINA,2021-06-25T00:00:00Z,2021-05-28T11:34:00Z,4,28A,SRP321288
SRR14642353,AMPLICON,600,65230587,PRJNA732664,SAMN19330874,"MIMARKS.survey,MIGS/MIMS/MIMARKS.human-gut",41324839,LUND UNIVERSITY,2012-11-04,public,"run.zq,sra","ncbi,gs,s3","ncbi.public,s3.us-east-1,gs.us-east1",Gut microbiome,Faecal,Faecal,SRX10981710,Sweden,Europe,Sweden,Homo sapiens,Illumina MiSeq,56.04 N 12.72 E,cel81,PAIRED,PCR,METAGENOMIC,gut metagenome,ILLUMINA,2021-06-25T00:00:00Z,2021-05-28T11:33:00Z,2,27C,SRP321288
SRR14642354,AMPLICON,600,53238672,PRJNA732664,SAMN19330802,"MIMARKS.survey,MIGS/MIMS/MIMARKS.human-gut",33789955,LUND UNIVERSITY,2012-10-27,public,"run.zq,sra","s3,ncbi,gs","gs.us-east1,ncbi.public,s3.us-east-1",Gut microbiome,Faecal,Faecal,SRX10981709,Sweden,Europe,Sweden,Homo sapiens,Illumina MiSeq,56.04 N 12.72 E,cel9,PAIRED,PCR,METAGENOMIC,gut metagenome,ILLUMINA,2021-06-25T00:00:00Z,2021-05-28T11:40:00Z,2,3C,SRP321288
SRR14642355,AMPLICON,600,70130311,PRJNA732664,SAMN19330873,"MIMARKS.survey,MIGS/MIMS/MIMARKS.human-gut",44256494,LUND UNIVERSITY,2012-08-05,public,"run.zq,sra","s3,gs,ncbi","s3.us-east-1,ncbi.public,gs.us-east1",Gut microbiome,Faecal,Faecal,SRX10981708,Sweden,Europe,Sweden,Homo sapiens,Illumina MiSeq,56.04 N 12.72 E,cel80,PAIRED,PCR,METAGENOMIC,gut metagenome,ILLUMINA,2021-06-25T00:00:00Z,2021-05-28T11:32:00Z,2,27B,SRP321288
SRR14642356,AMPLICON,600,104924427,PRJNA732664,SAMN19330872,"MIMARKS.survey,MIGS/MIMS/MIMARKS.human-gut",65699964,LUND UNIVERSITY,2012-05-14,public,"sra,run.zq","s3,ncbi,gs","s3.us-east-1,ncbi.public,gs.us-east1",Gut microbiome,Faecal,Faecal,SRX10981707,Sweden,Europe,Sweden,Homo sapiens,Illumina MiSeq,56.04 N 12.72 E,cel79,PAIRED,PCR,METAGENOMIC,gut metagenome,ILLUMINA,2021-06-25T00:00:00Z,2021-05-28T11:33:00Z,2,27A,SRP321288
SRR14642357,AMPLICON,600,70255966,PRJNA732664,SAMN19330871,"MIMARKS.survey,MIGS/MIMS/MIMARKS.human-gut",45478599,LUND UNIVERSITY,2013-06-05,public,"sra,run.zq","ncbi,gs,s3","ncbi.public,s3.us-east-1,gs.us-east1",Gut microbiome,Faecal,Faecal,SRX10981706,Sweden,Europe,Sweden,Homo sapiens,Illumina MiSeq,56.02 N 14.14 E,cel78,PAIRED,PCR,METAGENOMIC,gut metagenome,ILLUMINA,2021-06-25T00:00:00Z,2021-05-28T11:33:00Z,2,26C,SRP321288
SRR14642358,AMPLICON,600,74612703,PRJNA732664,SAMN19330870,"MIMARKS.survey,MIGS/MIMS/MIMARKS.human-gut",46676940,LUND UNIVERSITY,2013-02-09,public,"run.zq,sra","s3,ncbi,gs","ncbi.public,gs.us-east1,s3.us-east-1",Gut microbiome,Faecal,Faecal,SRX10981705,Sweden,Europe,Sweden,Homo sapiens,Illumina MiSeq,56.02 N 14.14 E,cwel77,PAIRED,PCR,METAGENOMIC,gut metagenome,ILLUMINA,2021-06-25T00:00:00Z,2021-05-28T11:34:00Z,2,26B,SRP321288
SRR14642359,AMPLICON,600,88084593,PRJNA732664,SAMN19330869,"MIMARKS.survey,MIGS/MIMS/MIMARKS.human-gut",55449999,LUND UNIVERSITY,2012-11-11,public,"run.zq,sra","gs,s3,ncbi","gs.us-east1,s3.us-east-1,ncbi.public",Gut microbiome,Faecal,Faecal,SRX10981704,Sweden,Europe,Sweden,Homo sapiens,Illumina MiSeq,56.02 N 14.14 E,cel76,PAIRED,PCR,METAGENOMIC,gut metagenome,ILLUMINA,2021-06-25T00:00:00Z,2021-05-28T11:31:00Z,2,26A,SRP321288
SRR14642360,AMPLICON,600,103340028,PRJNA732664,SAMN19330868,"MIMARKS.survey,MIGS/MIMS/MIMARKS.human-gut",67459147,LUND UNIVERSITY,2012-12-17,public,"sra,run.zq","gs,ncbi,s3","s3.us-east-1,ncbi.public,gs.us-east1",Gut microbiome,Faecal,Faecal,SRX10981703,Sweden,Europe,Sweden,Homo sapiens,Illumina MiSeq,56.02 N 14.14 E,cel75,PAIRED,PCR,METAGENOMIC,gut metagenome,ILLUMINA,2021-06-25T00:00:00Z,2021-05-28T11:31:00Z,2,25C,SRP321288
SRR14642361,AMPLICON,600,72374195,PRJNA732664,SAMN19330867,"MIMARKS.survey,MIGS/MIMS/MIMARKS.human-gut",46602342,LUND UNIVERSITY,2012-09-25,public,"run.zq,sra","ncbi,gs,s3","ncbi.public,gs.us-east1,s3.us-east-1",Gut microbiome,Faecal,Faecal,SRX10981702,Sweden,Europe,Sweden,Homo sapiens,Illumina MiSeq,56.02 N 14.14 E,cel74,PAIRED,PCR,METAGENOMIC,gut metagenome,ILLUMINA,2021-06-25T00:00:00Z,2021-05-28T11:36:00Z,2,25B,SRP321288
SRR14642362,AMPLICON,600,76836254,PRJNA732664,SAMN19330866,"MIMARKS.survey,MIGS/MIMS/MIMARKS.human-gut",50384428,LUND UNIVERSITY,2012-07-02,public,"run.zq,sra","s3,ncbi,gs","gs.us-east1,ncbi.public,s3.us-east-1",Gut microbiome,Faecal,Faecal,SRX10981701,Sweden,Europe,Sweden,Homo sapiens,Illumina MiSeq,56.02 N 14.14 E,cel73,PAIRED,PCR,METAGENOMIC,gut metagenome,ILLUMINA,2021-06-25T00:00:00Z,2021-05-28T11:44:00Z,4,25A,SRP321288
SRR14642363,AMPLICON,600,78693507,PRJNA732664,SAMN19330865,"MIMARKS.survey,MIGS/MIMS/MIMARKS.human-gut",50554433,LUND UNIVERSITY,2012-11-29,public,"sra,run.zq","ncbi,s3,gs","gs.us-east1,ncbi.public,s3.us-east-1",Gut microbiome,Faecal,Faecal,SRX10981700,Sweden,Europe,Sweden,Homo sapiens,Illumina MiSeq,56.02 N 14.14 E,cel72,PAIRED,PCR,METAGENOMIC,gut metagenome,ILLUMINA,2021-06-25T00:00:00Z,2021-05-28T11:35:00Z,2,24C,SRP321288
SRR14642364,AMPLICON,600,78890128,PRJNA732664,SAMN19330864,"MIMARKS.survey,MIGS/MIMS/MIMARKS.human-gut",50371100,LUND UNIVERSITY,2012-08-28,public,"sra,run.zq","gs,s3,ncbi","ncbi.public,s3.us-east-1,gs.us-east1",Gut microbiome,Faecal,Faecal,SRX10981699,Sweden,Europe,Sweden,Homo sapiens,Illumina MiSeq,56.02 N 14.14 E,cel71,PAIRED,PCR,METAGENOMIC,gut metagenome,ILLUMINA,2021-06-25T00:00:00Z,2021-05-28T11:35:00Z,2,24B,SRP321288
SRR14642365,AMPLICON,600,47271516,PRJNA732664,SAMN19330801,"MIMARKS.survey,MIGS/MIMS/MIMARKS.human-gut",31751709,LUND UNIVERSITY,2012-08-05,public,"sra,run.zq","s3,gs,ncbi","gs.us-east1,ncbi.public,s3.us-east-1",Gut microbiome,Faecal,Faecal,SRX10981698,Sweden,Europe,Sweden,Homo sapiens,Illumina MiSeq,56.04 N 12.72 E,cel8,PAIRED,PCR,METAGENOMIC,gut metagenome,ILLUMINA,2021-06-25T00:00:00Z,2021-05-28T11:34:00Z,2,3B,SRP321288
SRR14642366,AMPLICON,600,98722374,PRJNA732664,SAMN19330863,"MIMARKS.survey,MIGS/MIMS/MIMARKS.human-gut",62493768,LUND UNIVERSITY,2012-05-29,public,"run.zq,sra","s3,ncbi,gs","s3.us-east-1,gs.us-east1,ncbi.public",Gut microbiome,Faecal,Faecal,SRX10981697,Sweden,Europe,Sweden,Homo sapiens,Illumina MiSeq,56.02 N 14.14 E,cel70,PAIRED,PCR,METAGENOMIC,gut metagenome,ILLUMINA,2021-06-25T00:00:00Z,2021-05-28T11:35:00Z,2,24A,SRP321288
SRR14642367,AMPLICON,600,46785134,PRJNA732664,SAMN19330862,"MIMARKS.survey,MIGS/MIMS/MIMARKS.human-gut",29649189,LUND UNIVERSITY,2012-11-10,public,"run.zq,sra","ncbi,gs,s3","gs.us-east1,s3.us-east-1,ncbi.public",Gut microbiome,Faecal,Faecal,SRX10981696,Sweden,Europe,Sweden,Homo sapiens,Illumina MiSeq,56.02 N 14.14 E,cel69,PAIRED,PCR,METAGENOMIC,gut metagenome,ILLUMINA,2021-06-25T00:00:00Z,2021-05-28T11:32:00Z,2,23C,SRP321288
SRR14642368,AMPLICON,600,84414492,PRJNA732664,SAMN19330861,"MIMARKS.survey,MIGS/MIMS/MIMARKS.human-gut",54757045,LUND UNIVERSITY,2012-09-12,public,"run.zq,sra","gs,ncbi,s3","gs.us-east1,s3.us-east-1,ncbi.public",Gut microbiome,Faecal,Faecal,SRX10981695,Sweden,Europe,Sweden,Homo sapiens,Illumina MiSeq,56.02 N 14.14 E,cel68,PAIRED,PCR,METAGENOMIC,gut metagenome,ILLUMINA,2021-06-25T00:00:00Z,2021-05-28T11:37:00Z,2,23B,SRP321288
SRR14642369,AMPLICON,600,69413349,PRJNA732664,SAMN19330860,"MIMARKS.survey,MIGS/MIMS/MIMARKS.human-gut",44589336,LUND UNIVERSITY,2012-05-21,public,"sra,run.zq","gs,ncbi,s3","gs.us-east1,ncbi.public,s3.us-east-1",Gut microbiome,Faecal,Faecal,SRX10981694,Sweden,Europe,Sweden,Homo sapiens,Illumina MiSeq,56.02 N 14.14 E,cel67,PAIRED,PCR,METAGENOMIC,gut metagenome,ILLUMINA,2021-06-25T00:00:00Z,2021-05-28T11:35:00Z,2,23A,SRP321288
SRR14642370,AMPLICON,600,105644491,PRJNA732664,SAMN19330859,"MIMARKS.survey,MIGS/MIMS/MIMARKS.human-gut",68742867,LUND UNIVERSITY,2016-01-26,public,"run.zq,sra","gs,ncbi,s3","gs.us-east1,ncbi.public,s3.us-east-1",Gut microbiome,Faecal,Faecal,SRX10981693,Sweden,Europe,Sweden,Homo sapiens,Illumina MiSeq,55.61 N 13.03 E,cel66,PAIRED,PCR,METAGENOMIC,gut metagenome,ILLUMINA,2021-06-25T00:00:00Z,2021-05-28T11:36:00Z,2,22C,SRP321288
SRR14642371,AMPLICON,600,82984301,PRJNA732664,SAMN19330858,"MIMARKS.survey,MIGS/MIMS/MIMARKS.human-gut",53309013,LUND UNIVERSITY,2015-11-25,public,"run.zq,sra","ncbi,gs,s3","ncbi.public,s3.us-east-1,gs.us-east1",Gut microbiome,Faecal,Faecal,SRX10981692,Sweden,Europe,Sweden,Homo sapiens,Illumina MiSeq,55.61 N 13.03 E,cel65,PAIRED,PCR,METAGENOMIC,gut metagenome,ILLUMINA,2021-06-25T00:00:00Z,2021-05-28T11:38:00Z,2,22B,SRP321288
SRR14642372,AMPLICON,600,54292725,PRJNA732664,SAMN19330857,"MIMARKS.survey,MIGS/MIMS/MIMARKS.human-gut",38650945,LUND UNIVERSITY,2015-08-25,public,"sra,run.zq","ncbi,gs,s3","gs.us-east1,s3.us-east-1,ncbi.public",Gut microbiome,Faecal,Faecal,SRX10981691,Sweden,Europe,Sweden,Homo sapiens,Illumina MiSeq,55.61 N 13.03 E,cel64,PAIRED,PCR,METAGENOMIC,gut metagenome,ILLUMINA,2021-06-25T00:00:00Z,2021-05-28T11:37:00Z,2,22A,SRP321288
SRR14642373,AMPLICON,600,86333439,PRJNA732664,SAMN19330856,"MIMARKS.survey,MIGS/MIMS/MIMARKS.human-gut",55184173,LUND UNIVERSITY,2015-09-01,public,"sra,run.zq","gs,s3,ncbi","s3.us-east-1,gs.us-east1,ncbi.public",Gut microbiome,Faecal,Faecal,SRX10981690,Sweden,Europe,Sweden,Homo sapiens,Illumina MiSeq,55.61 N 13.03 E,cel63,PAIRED,PCR,METAGENOMIC,gut metagenome,ILLUMINA,2021-06-25T00:00:00Z,2021-05-28T11:28:00Z,2,21C,SRP321288
SRR14642374,AMPLICON,600,79188341,PRJNA732664,SAMN19330855,"MIMARKS.survey,MIGS/MIMS/MIMARKS.human-gut",50405140,LUND UNIVERSITY,2015-11-11,public,"sra,run.zq","s3,ncbi,gs","s3.us-east-1,gs.us-east1,ncbi.public",Gut microbiome,Faecal,Faecal,SRX10981689,Sweden,Europe,Sweden,Homo sapiens,Illumina MiSeq,55.61 N 13.03 E,cel62,PAIRED,PCR,METAGENOMIC,gut metagenome,ILLUMINA,2021-06-25T00:00:00Z,2021-05-28T11:38:00Z,2,21B,SRP321288
SRR14642375,AMPLICON,600,80669543,PRJNA732664,SAMN19330854,"MIMARKS.survey,MIGS/MIMS/MIMARKS.human-gut",51857907,LUND UNIVERSITY,2015-04-13,public,"run.zq,sra","s3,gs,ncbi","ncbi.public,gs.us-east1,s3.us-east-1",Gut microbiome,Faecal,Faecal,SRX10981688,Sweden,Europe,Sweden,Homo sapiens,Illumina MiSeq,55.61 N 13.03 E,cel61,PAIRED,PCR,METAGENOMIC,gut metagenome,ILLUMINA,2021-06-25T00:00:00Z,2021-05-28T11:37:00Z,2,21A,SRP321288
SRR14642376,AMPLICON,600,107456407,PRJNA732664,SAMN19330800,"MIMARKS.survey,MIGS/MIMS/MIMARKS.human-gut",67908545,LUND UNIVERSITY,2012-04-26,public,"sra,run.zq","ncbi,s3,gs","gs.us-east1,ncbi.public,s3.us-east-1",Gut microbiome,Faecal,Faecal,SRX10981687,Sweden,Europe,Sweden,Homo sapiens,Illumina MiSeq,56.04 N 12.72 E,cel7,PAIRED,PCR,METAGENOMIC,gut metagenome,ILLUMINA,2021-06-25T00:00:00Z,2021-05-28T11:40:00Z,2,3A,SRP321288
SRR14642377,AMPLICON,600,93229400,PRJNA732664,SAMN19330853,"MIMARKS.survey,MIGS/MIMS/MIMARKS.human-gut",60429452,LUND UNIVERSITY,2015-06-24,public,"run.zq,sra","s3,gs,ncbi","gs.us-east1,ncbi.public,s3.us-east-1",Gut microbiome,Faecal,Faecal,SRX10981686,Sweden,Europe,Sweden,Homo sapiens,Illumina MiSeq,55.61 N 13.03 E,cel60,PAIRED,PCR,METAGENOMIC,gut metagenome,ILLUMINA,2021-06-25T00:00:00Z,2021-05-28T11:34:00Z,2,20C,SRP321288
SRR14642378,AMPLICON,600,101958050,PRJNA732664,SAMN19330852,"MIMARKS.survey,MIGS/MIMS/MIMARKS.human-gut",65438649,LUND UNIVERSITY,2015-05-25,public,"run.zq,sra","s3,gs,ncbi","gs.us-east1,ncbi.public,s3.us-east-1",Gut microbiome,Faecal,Faecal,SRX10981685,Sweden,Europe,Sweden,Homo sapiens,Illumina MiSeq,55.61 N 13.03 E,cel59,PAIRED,PCR,METAGENOMIC,gut metagenome,ILLUMINA,2021-06-25T00:00:00Z,2021-05-28T11:37:00Z,2,20B,SRP321288
SRR14642379,AMPLICON,600,64141138,PRJNA732664,SAMN19330851,"MIMARKS.survey,MIGS/MIMS/MIMARKS.human-gut",41542227,LUND UNIVERSITY,2015-01-09,public,"sra,run.zq","gs,ncbi,s3","ncbi.public,gs.us-east1,s3.us-east-1",Gut microbiome,Faecal,Faecal,SRX10981684,Sweden,Europe,Sweden,Homo sapiens,Illumina MiSeq,55.61 N 13.03 E,cel58,PAIRED,PCR,METAGENOMIC,gut metagenome,ILLUMINA,2021-06-25T00:00:00Z,2021-05-28T11:42:00Z,2,20A,SRP321288
SRR14642380,AMPLICON,600,61839456,PRJNA732664,SAMN19330850,"MIMARKS.survey,MIGS/MIMS/MIMARKS.human-gut",38991838,LUND UNIVERSITY,2013-04-05,public,"sra,run.zq","gs,s3,ncbi","gs.us-east1,s3.us-east-1,ncbi.public",Gut microbiome,Faecal,Faecal,SRX10981683,Sweden,Europe,Sweden,Homo sapiens,Illumina MiSeq,55.61 N 13.03 E,cel57,PAIRED,PCR,METAGENOMIC,gut metagenome,ILLUMINA,2021-06-25T00:00:00Z,2021-05-28T11:35:00Z,2,19C,SRP321288
SRR14642381,AMPLICON,600,74278871,PRJNA732664,SAMN19330849,"MIMARKS.survey,MIGS/MIMS/MIMARKS.human-gut",48030190,LUND UNIVERSITY,2013-02-03,public,"run.zq,sra","s3,gs,ncbi","s3.us-east-1,ncbi.public,gs.us-east1",Gut microbiome,Faecal,Faecal,SRX10981682,Sweden,Europe,Sweden,Homo sapiens,Illumina MiSeq,55.61 N 13.03 E,cel56,PAIRED,PCR,METAGENOMIC,gut metagenome,ILLUMINA,2021-06-25T00:00:00Z,2021-05-28T11:37:00Z,2,19B,SRP321288
SRR14642382,AMPLICON,600,83544199,PRJNA732664,SAMN19330848,"MIMARKS.survey,MIGS/MIMS/MIMARKS.human-gut",53523653,LUND UNIVERSITY,2012-11-01,public,"sra,run.zq","s3,ncbi,gs","s3.us-east-1,gs.us-east1,ncbi.public",Gut microbiome,Faecal,Faecal,SRX10981681,Sweden,Europe,Sweden,Homo sapiens,Illumina MiSeq,55.61 N 13.03 E,cel55,PAIRED,PCR,METAGENOMIC,gut metagenome,ILLUMINA,2021-06-25T00:00:00Z,2021-05-28T11:36:00Z,2,19A,SRP321288
SRR14642383,AMPLICON,600,86783192,PRJNA732664,SAMN19330847,"MIMARKS.survey,MIGS/MIMS/MIMARKS.human-gut",55881118,LUND UNIVERSITY,2013-04-04,public,"run.zq,sra","s3,ncbi,gs","ncbi.public,gs.us-east1,s3.us-east-1",Gut microbiome,Faecal,Faecal,SRX10981680,Sweden,Europe,Sweden,Homo sapiens,Illumina MiSeq,55.61 N 13.03 E,cel54,PAIRED,PCR,METAGENOMIC,gut metagenome,ILLUMINA,2021-06-25T00:00:00Z,2021-05-28T11:37:00Z,2,18C,SRP321288
SRR14642384,AMPLICON,600,90805811,PRJNA732664,SAMN19330846,"MIMARKS.survey,MIGS/MIMS/MIMARKS.human-gut",57145403,LUND UNIVERSITY,2013-01-02,public,"run.zq,sra","ncbi,gs,s3","ncbi.public,s3.us-east-1,gs.us-east1",Gut microbiome,Faecal,Faecal,SRX10981679,Sweden,Europe,Sweden,Homo sapiens,Illumina MiSeq,55.61 N 13.03 E,cel53,PAIRED,PCR,METAGENOMIC,gut metagenome,ILLUMINA,2021-06-25T00:00:00Z,2021-05-28T11:43:00Z,2,18B,SRP321288
SRR14642385,AMPLICON,600,96913706,PRJNA732664,SAMN19330845,"MIMARKS.survey,MIGS/MIMS/MIMARKS.human-gut",61747969,LUND UNIVERSITY,2012-10-10,public,"sra,run.zq","gs,s3,ncbi","s3.us-east-1,gs.us-east1,ncbi.public",Gut microbiome,Faecal,Faecal,SRX10981678,Sweden,Europe,Sweden,Homo sapiens,Illumina MiSeq,55.61 N 13.03 E,cel52,PAIRED,PCR,METAGENOMIC,gut metagenome,ILLUMINA,2021-06-25T00:00:00Z,2021-05-28T11:41:00Z,2,18A,SRP321288
SRR14642386,AMPLICON,600,81823995,PRJNA732664,SAMN19330844,"MIMARKS.survey,MIGS/MIMS/MIMARKS.human-gut",52482299,LUND UNIVERSITY,2013-11-07,public,"sra,run.zq","gs,ncbi,s3","ncbi.public,s3.us-east-1,gs.us-east1",Gut microbiome,Faecal,Faecal,SRX10981677,Sweden,Europe,Sweden,Homo sapiens,Illumina MiSeq,55.61 N 13.03 E,cel51,PAIRED,PCR,METAGENOMIC,gut metagenome,ILLUMINA,2021-06-25T00:00:00Z,2021-05-28T11:38:00Z,2,17C,SRP321288
SRR14642387,AMPLICON,600,41406701,PRJNA732664,SAMN19330799,"MIMARKS.survey,MIGS/MIMS/MIMARKS.human-gut",26579754,LUND UNIVERSITY,2012-11-19,public,"sra,run.zq","s3,gs,ncbi","ncbi.public,gs.us-east1,s3.us-east-1",Gut microbiome,Faecal,Faecal,SRX10981676,Sweden,Europe,Sweden,Homo sapiens,Illumina MiSeq,56.04 N 12.72 E,cel6,PAIRED,PCR,METAGENOMIC,gut metagenome,ILLUMINA,2021-06-25T00:00:00Z,2021-05-28T11:39:00Z,2,2C,SRP321288
SRR14642388,AMPLICON,600,92776353,PRJNA732664,SAMN19330843,"MIMARKS.survey,MIGS/MIMS/MIMARKS.human-gut",59767545,LUND UNIVERSITY,2013-08-14,public,"run.zq,sra","s3,ncbi,gs","s3.us-east-1,ncbi.public,gs.us-east1",Gut microbiome,Faecal,Faecal,SRX10981675,Sweden,Europe,Sweden,Homo sapiens,Illumina MiSeq,55.61 N 13.03 E,cel50,PAIRED,PCR,METAGENOMIC,gut metagenome,ILLUMINA,2021-06-25T00:00:00Z,2021-05-28T11:41:00Z,2,17B,SRP321288
SRR14642389,AMPLICON,600,91594186,PRJNA732664,SAMN19330842,"MIMARKS.survey,MIGS/MIMS/MIMARKS.human-gut",59508995,LUND UNIVERSITY,2013-05-04,public,"sra,run.zq","s3,gs,ncbi","gs.us-east1,ncbi.public,s3.us-east-1",Gut microbiome,Faecal,Faecal,SRX10981674,Sweden,Europe,Sweden,Homo sapiens,Illumina MiSeq,55.61 N 13.03 E,cel49,PAIRED,PCR,METAGENOMIC,gut metagenome,ILLUMINA,2021-06-25T00:00:00Z,2021-05-28T11:38:00Z,2,17A,SRP321288
SRR14642390,AMPLICON,600,74549712,PRJNA732664,SAMN19330841,"MIMARKS.survey,MIGS/MIMS/MIMARKS.human-gut",47893820,LUND UNIVERSITY,2013-04-22,public,"run.zq,sra","s3,gs,ncbi","s3.us-east-1,gs.us-east1,ncbi.public",Gut microbiome,Faecal,Faecal,SRX10981673,Sweden,Europe,Sweden,Homo sapiens,Illumina MiSeq,55.61 N 13.03 E,cel48,PAIRED,PCR,METAGENOMIC,gut metagenome,ILLUMINA,2021-06-25T00:00:00Z,2021-05-28T11:44:00Z,4,16C,SRP321288
SRR14642391,AMPLICON,600,71042961,PRJNA732664,SAMN19330840,"MIMARKS.survey,MIGS/MIMS/MIMARKS.human-gut",45703756,LUND UNIVERSITY,2012-12-09,public,"sra,run.zq","gs,s3,ncbi","s3.us-east-1,ncbi.public,gs.us-east1",Gut microbiome,Faecal,Faecal,SRX10981672,Sweden,Europe,Sweden,Homo sapiens,Illumina MiSeq,55.61 N 13.03 E,cel47,PAIRED,PCR,METAGENOMIC,gut metagenome,ILLUMINA,2021-06-25T00:00:00Z,2021-05-28T11:40:00Z,2,16B,SRP321288
SRR14642392,AMPLICON,600,58486591,PRJNA732664,SAMN19330839,"MIMARKS.survey,MIGS/MIMS/MIMARKS.human-gut",37796451,LUND UNIVERSITY,2012-09-21,public,"run.zq,sra","gs,ncbi,s3","s3.us-east-1,gs.us-east1,ncbi.public",Gut microbiome,Faecal,Faecal,SRX10981671,Sweden,Europe,Sweden,Homo sapiens,Illumina MiSeq,55.61 N 13.03 E,cel46,PAIRED,PCR,METAGENOMIC,gut metagenome,ILLUMINA,2021-06-25T00:00:00Z,2021-05-28T11:36:00Z,2,16A,SRP321288
SRR14642393,AMPLICON,600,40419077,PRJNA732664,SAMN19330838,"MIMARKS.survey,MIGS/MIMS/MIMARKS.human-gut",25160754,LUND UNIVERSITY,2012-10-25,public,"sra,run.zq","s3,ncbi,gs","gs.us-east1,ncbi.public,s3.us-east-1",Gut microbiome,Faecal,Faecal,SRX10981670,Sweden,Europe,Sweden,Homo sapiens,Illumina MiSeq,55.61 N 13.03 E,cel45,PAIRED,PCR,METAGENOMIC,gut metagenome,ILLUMINA,2021-06-25T00:00:00Z,2021-05-28T11:40:00Z,2,15C,SRP321288
SRR14642394,AMPLICON,600,64300585,PRJNA732664,SAMN19330837,"MIMARKS.survey,MIGS/MIMS/MIMARKS.human-gut",41000186,LUND UNIVERSITY,2012-06-27,public,"sra,run.zq","s3,ncbi,gs","gs.us-east1,ncbi.public,s3.us-east-1",Gut microbiome,Faecal,Faecal,SRX10981669,Sweden,Europe,Sweden,Homo sapiens,Illumina MiSeq,55.61 N 13.03 E,cel44,PAIRED,PCR,METAGENOMIC,gut metagenome,ILLUMINA,2021-06-25T00:00:00Z,2021-05-28T11:39:00Z,2,15B,SRP321288
SRR14642395,AMPLICON,600,81019573,PRJNA732664,SAMN19330836,"MIMARKS.survey,MIGS/MIMS/MIMARKS.human-gut",50951833,LUND UNIVERSITY,2012-04-12,public,"run.zq,sra","gs,ncbi,s3","s3.us-east-1,gs.us-east1,ncbi.public",Gut microbiome,Faecal,Faecal,SRX10981668,Sweden,Europe,Sweden,Homo sapiens,Illumina MiSeq,55.61 N 13.03 E,cel43,PAIRED,PCR,METAGENOMIC,gut metagenome,ILLUMINA,2021-06-25T00:00:00Z,2021-05-28T11:36:00Z,2,15A,SRP321288
SRR14642396,AMPLICON,599,81738023,PRJNA732664,SAMN19330835,"MIMARKS.survey,MIGS/MIMS/MIMARKS.human-gut",52781917,LUND UNIVERSITY,2012-09-07,public,"run.zq,sra","ncbi,gs,s3","s3.us-east-1,ncbi.public,gs.us-east1",Gut microbiome,Faecal,Faecal,SRX10981667,Sweden,Europe,Sweden,Homo sapiens,Illumina MiSeq,55.61 N 13.03 E,cel42,PAIRED,PCR,METAGENOMIC,gut metagenome,ILLUMINA,2021-06-25T00:00:00Z,2021-05-28T11:41:00Z,2,14C,SRP321288
SRR14642397,AMPLICON,600,43916305,PRJNA732664,SAMN19330834,"MIMARKS.survey,MIGS/MIMS/MIMARKS.human-gut",28553199,LUND UNIVERSITY,2012-10-21,public,"run.zq,sra","ncbi,gs,s3","gs.us-east1,ncbi.public,s3.us-east-1",Gut microbiome,Faecal,Faecal,SRX10981666,Sweden,Europe,Sweden,Homo sapiens,Illumina MiSeq,55.61 N 13.03 E,cel41,PAIRED,PCR,METAGENOMIC,gut metagenome,ILLUMINA,2021-06-25T00:00:00Z,2021-05-28T11:38:00Z,2,14B,SRP321288
SRR14642398,AMPLICON,600,55106369,PRJNA732664,SAMN19330798,"MIMARKS.survey,MIGS/MIMS/MIMARKS.human-gut",34683305,LUND UNIVERSITY,2012-08-06,public,"sra,run.zq","ncbi,s3,gs","ncbi.public,s3.us-east-1,gs.us-east1",Gut microbiome,Faecal,Faecal,SRX10981665,Sweden,Europe,Sweden,Homo sapiens,Illumina MiSeq,56.04 N 12.72 E,cel5,PAIRED,PCR,METAGENOMIC,gut metagenome,ILLUMINA,2021-06-25T00:00:00Z,2021-05-28T11:39:00Z,2,2B,SRP321288
SRR14642399,AMPLICON,600,73286977,PRJNA732664,SAMN19330833,"MIMARKS.survey,MIGS/MIMS/MIMARKS.human-gut",49355754,LUND UNIVERSITY,2012-04-15,public,"run.zq,sra","ncbi,s3,gs","gs.us-east1,ncbi.public,s3.us-east-1",Gut microbiome,Faecal,Faecal,SRX10981664,Sweden,Europe,Sweden,Homo sapiens,Illumina MiSeq,55.61 N 13.03 E,cel40,PAIRED,PCR,METAGENOMIC,gut metagenome,ILLUMINA,2021-06-25T00:00:00Z,2021-05-28T11:38:00Z,2,14A,SRP321288
SRR14642400,AMPLICON,600,82937909,PRJNA732664,SAMN19330832,"MIMARKS.survey,MIGS/MIMS/MIMARKS.human-gut",54727817,LUND UNIVERSITY,2012-09-18,public,"sra,run.zq","ncbi,s3,gs","ncbi.public,gs.us-east1,s3.us-east-1",Gut microbiome,Faecal,Faecal,SRX10981663,Sweden,Europe,Sweden,Homo sapiens,Illumina MiSeq,55.61 N 13.03 E,cel39,PAIRED,PCR,METAGENOMIC,gut metagenome,ILLUMINA,2021-06-25T00:00:00Z,2021-05-28T11:38:00Z,2,13C,SRP321288
SRR14642401,AMPLICON,600,84546187,PRJNA732664,SAMN19330831,"MIMARKS.survey,MIGS/MIMS/MIMARKS.human-gut",54271736,LUND UNIVERSITY,2012-06-19,public,"sra,run.zq","s3,ncbi,gs","gs.us-east1,ncbi.public,s3.us-east-1",Gut microbiome,Faecal,Faecal,SRX10981662,Sweden,Europe,Sweden,Homo sapiens,Illumina MiSeq,55.61 N 13.03 E,cel38,PAIRED,PCR,METAGENOMIC,gut metagenome,ILLUMINA,2021-06-25T00:00:00Z,2021-05-28T11:40:00Z,2,13B,SRP321288
SRR14642402,AMPLICON,600,110509586,PRJNA732664,SAMN19330830,"MIMARKS.survey,MIGS/MIMS/MIMARKS.human-gut",70706886,LUND UNIVERSITY,2012-03-15,public,"sra,run.zq","s3,ncbi,gs","gs.us-east1,ncbi.public,s3.us-east-1",Gut microbiome,Faecal,Faecal,SRX10981661,Sweden,Europe,Sweden,Homo sapiens,Illumina MiSeq,55.61 N 13.03 E,cel37,PAIRED,PCR,METAGENOMIC,gut metagenome,ILLUMINA,2021-06-25T00:00:00Z,2021-05-28T11:41:00Z,2,13A,SRP321288
SRR14642403,AMPLICON,600,58640557,PRJNA732664,SAMN19330829,"MIMARKS.survey,MIGS/MIMS/MIMARKS.human-gut",38206333,LUND UNIVERSITY,2012-12-04,public,"run.zq,sra","gs,s3,ncbi","gs.us-east1,ncbi.public,s3.us-east-1",Gut microbiome,Faecal,Faecal,SRX10981660,Sweden,Europe,Sweden,Homo sapiens,Illumina MiSeq,55.61 N 13.03 E,cel36,PAIRED,PCR,METAGENOMIC,gut metagenome,ILLUMINA,2021-06-25T00:00:00Z,2021-05-28T11:45:00Z,2,12C,SRP321288
SRR14642404,AMPLICON,600,31103077,PRJNA732664,SAMN19330828,"MIMARKS.survey,MIGS/MIMS/MIMARKS.human-gut",20400331,LUND UNIVERSITY,2012-09-14,public,"run.zq,sra","s3,ncbi,gs","ncbi.public,s3.us-east-1,gs.us-east1",Gut microbiome,Faecal,Faecal,SRX10981659,Sweden,Europe,Sweden,Homo sapiens,Illumina MiSeq,55.61 N 13.03 E,cel35,PAIRED,PCR,METAGENOMIC,gut metagenome,ILLUMINA,2021-06-25T00:00:00Z,2021-05-28T11:42:00Z,2,12B,SRP321288
SRR14642405,AMPLICON,600,59433021,PRJNA732664,SAMN19330827,"MIMARKS.survey,MIGS/MIMS/MIMARKS.human-gut",38987257,LUND UNIVERSITY,2012-09-20,public,"run.zq,sra","s3,ncbi,gs","s3.us-east-1,gs.us-east1,ncbi.public",Gut microbiome,Faecal,Faecal,SRX10981658,Sweden,Europe,Sweden,Homo sapiens,Illumina MiSeq,55.61 N 13.03 E,cel34,PAIRED,PCR,METAGENOMIC,gut metagenome,ILLUMINA,2021-06-25T00:00:00Z,2021-05-28T11:46:00Z,2,12A,SRP321288
SRR14642406,AMPLICON,600,40479439,PRJNA732664,SAMN19330826,"MIMARKS.survey,MIGS/MIMS/MIMARKS.human-gut",25719796,LUND UNIVERSITY,2012-12-18,public,"sra,run.zq","ncbi,gs,s3","ncbi.public,s3.us-east-1,gs.us-east1",Gut microbiome,Faecal,Faecal,SRX10981657,Sweden,Europe,Sweden,Homo sapiens,Illumina MiSeq,55.61 N 13.03 E,cel33,PAIRED,PCR,METAGENOMIC,gut metagenome,ILLUMINA,2021-06-25T00:00:00Z,2021-05-28T11:44:00Z,2,11C,SRP321288
SRR14642407,AMPLICON,600,21263541,PRJNA732664,SAMN19330825,"MIMARKS.survey,MIGS/MIMS/MIMARKS.human-gut",14389924,LUND UNIVERSITY,2012-08-20,public,"run.zq,sra","ncbi,s3,gs","gs.us-east1,ncbi.public,s3.us-east-1",Gut microbiome,Faecal,Faecal,SRX10981656,Sweden,Europe,Sweden,Homo sapiens,Illumina MiSeq,55.61 N 13.03 E,cel32,PAIRED,PCR,METAGENOMIC,gut metagenome,ILLUMINA,2021-06-25T00:00:00Z,2021-05-28T11:41:00Z,2,11B,SRP321288
SRR14642408,AMPLICON,600,33459542,PRJNA732664,SAMN19330824,"MIMARKS.survey,MIGS/MIMS/MIMARKS.human-gut",21982076,LUND UNIVERSITY,2012-06-20,public,"sra,run.zq","gs,ncbi,s3","s3.us-east-1,gs.us-east1,ncbi.public",Gut microbiome,Faecal,Faecal,SRX10981655,Sweden,Europe,Sweden,Homo sapiens,Illumina MiSeq,55.61 N 13.03 E,cel31,PAIRED,PCR,METAGENOMIC,gut metagenome,ILLUMINA,2021-06-25T00:00:00Z,2021-05-28T11:44:00Z,4,11A,SRP321288
SRR14642409,AMPLICON,601,74584409,PRJNA732664,SAMN19330797,"MIMARKS.survey,MIGS/MIMS/MIMARKS.human-gut",47441569,LUND UNIVERSITY,2012-05-01,public,"sra,run.zq","s3,gs,ncbi","ncbi.public,gs.us-east1,s3.us-east-1",Gut microbiome,Faecal,Faecal,SRX10981654,Sweden,Europe,Sweden,Homo sapiens,Illumina MiSeq,56.04 N 12.72 E,cel4,PAIRED,PCR,METAGENOMIC,gut metagenome,ILLUMINA,2021-06-25T00:00:00Z,2021-05-28T11:39:00Z,2,2A,SRP321288
SRR14642410,AMPLICON,600,60737511,PRJNA732664,SAMN19330823,"MIMARKS.survey,MIGS/MIMS/MIMARKS.human-gut",40135941,LUND UNIVERSITY,2012-11-13,public,"run.zq,sra","gs,s3,ncbi","s3.us-east-1,gs.us-east1,ncbi.public",Gut microbiome,Faecal,Faecal,SRX10981653,Sweden,Europe,Sweden,Homo sapiens,Illumina MiSeq,55.61 N 13.03 E,cel30,PAIRED,PCR,METAGENOMIC,gut metagenome,ILLUMINA,2021-06-25T00:00:00Z,2021-05-28T11:43:00Z,2,10C,SRP321288
SRR14642411,AMPLICON,600,38452542,PRJNA732664,SAMN19330822,"MIMARKS.survey,MIGS/MIMS/MIMARKS.human-gut",25053938,LUND UNIVERSITY,2012-08-28,public,"sra,run.zq","ncbi,s3,gs","ncbi.public,s3.us-east-1,gs.us-east1",Gut microbiome,Faecal,Faecal,SRX10981652,Sweden,Europe,Sweden,Homo sapiens,Illumina MiSeq,55.61 N 13.03 E,cel29,PAIRED,PCR,METAGENOMIC,gut metagenome,ILLUMINA,2021-06-25T00:00:00Z,2021-05-28T11:40:00Z,2,10B,SRP321288
SRR14642412,AMPLICON,600,49162568,PRJNA732664,SAMN19330821,"MIMARKS.survey,MIGS/MIMS/MIMARKS.human-gut",32630365,LUND UNIVERSITY,2012-05-29,public,"run.zq,sra","ncbi,gs,s3","ncbi.public,gs.us-east1,s3.us-east-1",Gut microbiome,Faecal,Faecal,SRX10981651,Sweden,Europe,Sweden,Homo sapiens,Illumina MiSeq,55.61 N 13.03 E,cel28,PAIRED,PCR,METAGENOMIC,gut metagenome,ILLUMINA,2021-06-25T00:00:00Z,2021-05-28T11:40:00Z,2,10A,SRP321288
SRR14642413,AMPLICON,600,47397644,PRJNA732664,SAMN19330820,"MIMARKS.survey,MIGS/MIMS/MIMARKS.human-gut",31371157,LUND UNIVERSITY,2012-11-11,public,"run.zq,sra","ncbi,s3,gs","gs.us-east1,ncbi.public,s3.us-east-1",Gut microbiome,Faecal,Faecal,SRX10981650,Sweden,Europe,Sweden,Homo sapiens,Illumina MiSeq,55.61 N 13.03 E,cel27,PAIRED,PCR,METAGENOMIC,gut metagenome,ILLUMINA,2021-06-25T00:00:00Z,2021-05-28T11:41:00Z,2,9C,SRP321288
SRR14642414,AMPLICON,600,57091107,PRJNA732664,SAMN19330819,"MIMARKS.survey,MIGS/MIMS/MIMARKS.human-gut",37277810,LUND UNIVERSITY,2012-08-26,public,"sra,run.zq","ncbi,gs,s3","s3.us-east-1,gs.us-east1,ncbi.public",Gut microbiome,Faecal,Faecal,SRX10981649,Sweden,Europe,Sweden,Homo sapiens,Illumina MiSeq,55.61 N 13.03 E,cel26,PAIRED,PCR,METAGENOMIC,gut metagenome,ILLUMINA,2021-06-25T00:00:00Z,2021-05-28T11:44:00Z,4,9B,SRP321288
SRR14642415,AMPLICON,600,45868228,PRJNA732664,SAMN19330818,"MIMARKS.survey,MIGS/MIMS/MIMARKS.human-gut",30252263,LUND UNIVERSITY,2012-05-28,public,"sra,run.zq","ncbi,s3,gs","s3.us-east-1,gs.us-east1,ncbi.public",Gut microbiome,Faecal,Faecal,SRX10981648,Sweden,Europe,Sweden,Homo sapiens,Illumina MiSeq,55.61 N 13.03 E,cel25,PAIRED,PCR,METAGENOMIC,gut metagenome,ILLUMINA,2021-06-25T00:00:00Z,2021-05-28T11:41:00Z,2,9A,SRP321288
SRR14642416,AMPLICON,600,75561921,PRJNA732664,SAMN19330807,"MIMARKS.survey,MIGS/MIMS/MIMARKS.human-gut",47412622,LUND UNIVERSITY,2012-11-19,public,"sra,run.zq","ncbi,gs,s3","s3.us-east-1,gs.us-east1,ncbi.public",Gut microbiome,Faecal,Faecal,SRX10981647,Sweden,Europe,Sweden,Homo sapiens,Illumina MiSeq,56.04 N 12.72 E,cel14,PAIRED,PCR,METAGENOMIC,gut metagenome,ILLUMINA,2021-06-25T00:00:00Z,2021-05-28T11:42:00Z,2,5B,SRP321288
SRR14642417,AMPLICON,600,59587540,PRJNA732664,SAMN19330923,"MIMARKS.survey,MIGS/MIMS/MIMARKS.human-gut",37927243,LUND UNIVERSITY,2012-01-12,public,"sra,run.zq","s3,gs,ncbi","gs.us-east1,s3.us-east-1,ncbi.public",Gut microbiome,Faecal,Faecal,SRX10981646,Sweden,Europe,Sweden,Homo sapiens,Illumina MiSeq,56.02 N 14.14 E,cel130,PAIRED,PCR,METAGENOMIC,gut metagenome,ILLUMINA,2021-06-25T00:00:00Z,2021-05-28T11:40:00Z,2,45A,SRP321288
SRR14642418,AMPLICON,600,50532422,PRJNA732664,SAMN19330922,"MIMARKS.survey,MIGS/MIMS/MIMARKS.human-gut",32039575,LUND UNIVERSITY,2013-05-22,public,"sra,run.zq","ncbi,s3,gs","ncbi.public,gs.us-east1,s3.us-east-1",Gut microbiome,Faecal,Faecal,SRX10981645,Sweden,Europe,Sweden,Homo sapiens,Illumina MiSeq,56.02 N 14.14 E,cel129,PAIRED,PCR,METAGENOMIC,gut metagenome,ILLUMINA,2021-06-25T00:00:00Z,2021-05-28T11:42:00Z,2,44C,SRP321288
SRR14642419,AMPLICON,600,55969608,PRJNA732664,SAMN19330921,"MIMARKS.survey,MIGS/MIMS/MIMARKS.human-gut",35931032,LUND UNIVERSITY,2013-03-11,public,"run.zq,sra","s3,gs,ncbi","s3.us-east-1,ncbi.public,gs.us-east1",Gut microbiome,Faecal,Faecal,SRX10981644,Sweden,Europe,Sweden,Homo sapiens,Illumina MiSeq,56.02 N 14.14 E,cel128,PAIRED,PCR,METAGENOMIC,gut metagenome,ILLUMINA,2021-06-25T00:00:00Z,2021-05-28T11:43:00Z,2,44B,SRP321288
SRR14642420,AMPLICON,600,65338395,PRJNA732664,SAMN19330920,"MIMARKS.survey,MIGS/MIMS/MIMARKS.human-gut",42365639,LUND UNIVERSITY,2012-11-25,public,"sra,run.zq","s3,ncbi,gs","s3.us-east-1,ncbi.public,gs.us-east1",Gut microbiome,Faecal,Faecal,SRX10981643,Sweden,Europe,Sweden,Homo sapiens,Illumina MiSeq,55.61 N 13.03 E,cel127,PAIRED,PCR,METAGENOMIC,gut metagenome,ILLUMINA,2021-06-25T00:00:00Z,2021-05-28T11:42:00Z,2,44A,SRP321288
SRR14642421,AMPLICON,600,56695292,PRJNA732664,SAMN19330919,"MIMARKS.survey,MIGS/MIMS/MIMARKS.human-gut",35442639,LUND UNIVERSITY,2012-09-26,public,"run.zq,sra","ncbi,s3,gs","ncbi.public,gs.us-east1,s3.us-east-1",Gut microbiome,Faecal,Faecal,SRX10981642,Sweden,Europe,Sweden,Homo sapiens,Illumina MiSeq,56.04 N 12.72 E,cel126,PAIRED,PCR,METAGENOMIC,gut metagenome,ILLUMINA,2021-06-25T00:00:00Z,2021-05-28T11:43:00Z,2,43C,SRP321288
SRR14642422,AMPLICON,600,79645713,PRJNA732664,SAMN19330918,"MIMARKS.survey,MIGS/MIMS/MIMARKS.human-gut",49860893,LUND UNIVERSITY,2012-06-14,public,"sra,run.zq","gs,ncbi,s3","ncbi.public,s3.us-east-1,gs.us-east1",Gut microbiome,Faecal,Faecal,SRX10981641,Sweden,Europe,Sweden,Homo sapiens,Illumina MiSeq,56.04 N 12.72 E,cel125,PAIRED,PCR,METAGENOMIC,gut metagenome,ILLUMINA,2021-06-25T00:00:00Z,2021-05-28T11:43:00Z,2,43B,SRP321288
SRR14642423,AMPLICON,600,90487910,PRJNA732664,SAMN19330917,"MIMARKS.survey,MIGS/MIMS/MIMARKS.human-gut",56235374,LUND UNIVERSITY,2012-03-19,public,"run.zq,sra","s3,ncbi,gs","gs.us-east1,s3.us-east-1,ncbi.public",Gut microbiome,Faecal,Faecal,SRX10981640,Sweden,Europe,Sweden,Homo sapiens,Illumina MiSeq,56.04 N 12.72 E,cel124,PAIRED,PCR,METAGENOMIC,gut metagenome,ILLUMINA,2021-06-25T00:00:00Z,2021-05-28T11:47:00Z,2,43A,SRP321288
SRR14642424,AMPLICON,600,94559581,PRJNA732664,SAMN19330916,"MIMARKS.survey,MIGS/MIMS/MIMARKS.human-gut",60320871,LUND UNIVERSITY,2012-10-04,public,"run.zq,sra","s3,ncbi,gs","ncbi.public,gs.us-east1,s3.us-east-1",Gut microbiome,Faecal,Faecal,SRX10981639,Sweden,Europe,Sweden,Homo sapiens,Illumina MiSeq,55.61 N 13.03 E,cel123,PAIRED,PCR,METAGENOMIC,gut metagenome,ILLUMINA,2021-06-25T00:00:00Z,2021-05-28T11:44:00Z,2,42C,SRP321288
SRR14642425,AMPLICON,600,47799491,PRJNA732664,SAMN19330915,"MIMARKS.survey,MIGS/MIMS/MIMARKS.human-gut",30244405,LUND UNIVERSITY,2012-06-30,public,"sra,run.zq","s3,ncbi,gs","s3.us-east-1,gs.us-east1,ncbi.public",Gut microbiome,Faecal,Faecal,SRX10981638,Sweden,Europe,Sweden,Homo sapiens,Illumina MiSeq,55.61 N 13.03 E,cel122,PAIRED,PCR,METAGENOMIC,gut metagenome,ILLUMINA,2021-06-25T00:00:00Z,2021-05-28T11:43:00Z,2,42B,SRP321288
SRR14642426,AMPLICON,600,33184005,PRJNA732664,SAMN19330914,"MIMARKS.survey,MIGS/MIMS/MIMARKS.human-gut",20730322,LUND UNIVERSITY,2012-04-21,public,"run.zq,sra","gs,ncbi,s3","s3.us-east-1,gs.us-east1,ncbi.public",Gut microbiome,Faecal,Faecal,SRX10981637,Sweden,Europe,Sweden,Homo sapiens,Illumina MiSeq,55.61 N 13.03 E,cel121,PAIRED,PCR,METAGENOMIC,gut metagenome,ILLUMINA,2021-06-25T00:00:00Z,2021-05-28T11:45:00Z,2,42A,SRP321288
SRR14642427,AMPLICON,600,77007329,PRJNA732664,SAMN19330806,"MIMARKS.survey,MIGS/MIMS/MIMARKS.human-gut",48418997,LUND UNIVERSITY,2012-05-07,public,"run.zq,sra","s3,gs,ncbi","s3.us-east-1,ncbi.public,gs.us-east1",Gut microbiome,Faecal,Faecal,SRX10981636,Sweden,Europe,Sweden,Homo sapiens,Illumina MiSeq,56.04 N 12.72 E,cel13,PAIRED,PCR,METAGENOMIC,gut metagenome,ILLUMINA,2021-06-25T00:00:00Z,2021-05-28T11:45:00Z,2,5A,SRP321288
SRR14642428,AMPLICON,600,79297198,PRJNA732664,SAMN19330913,"MIMARKS.survey,MIGS/MIMS/MIMARKS.human-gut",49406748,LUND UNIVERSITY,2012-10-01,public,"sra,run.zq","s3,gs,ncbi","s3.us-east-1,gs.us-east1,ncbi.public",Gut microbiome,Faecal,Faecal,SRX10981635,Sweden,Europe,Sweden,Homo sapiens,Illumina MiSeq,55.61 N 13.03 E,cel120,PAIRED,PCR,METAGENOMIC,gut metagenome,ILLUMINA,2021-06-25T00:00:00Z,2021-05-28T11:55:00Z,4,41C,SRP321288
SRR14642429,AMPLICON,600,51068055,PRJNA732664,SAMN19330912,"MIMARKS.survey,MIGS/MIMS/MIMARKS.human-gut",31759111,LUND UNIVERSITY,2012-06-11,public,"run.zq,sra","s3,gs,ncbi","s3.us-east-1,ncbi.public,gs.us-east1",Gut microbiome,Faecal,Faecal,SRX10981634,Sweden,Europe,Sweden,Homo sapiens,Illumina MiSeq,55.61 N 13.03 E,cel119,PAIRED,PCR,METAGENOMIC,gut metagenome,ILLUMINA,2021-06-25T00:00:00Z,2021-05-28T11:46:00Z,2,41B,SRP321288
SRR14642430,AMPLICON,600,58484148,PRJNA732664,SAMN19330911,"MIMARKS.survey,MIGS/MIMS/MIMARKS.human-gut",36302133,LUND UNIVERSITY,2012-03-13,public,"run.zq,sra","gs,s3,ncbi","ncbi.public,gs.us-east1,s3.us-east-1",Gut microbiome,Faecal,Faecal,SRX10981633,Sweden,Europe,Sweden,Homo sapiens,Illumina MiSeq,55.61 N 13.03 E,cel118,PAIRED,PCR,METAGENOMIC,gut metagenome,ILLUMINA,2021-06-25T00:00:00Z,2021-05-28T11:43:00Z,2,41A,SRP321288
SRR14642431,AMPLICON,600,74410208,PRJNA732664,SAMN19330910,"MIMARKS.survey,MIGS/MIMS/MIMARKS.human-gut",47482580,LUND UNIVERSITY,2014-11-24,public,"sra,run.zq","ncbi,s3,gs","ncbi.public,s3.us-east-1,gs.us-east1",Gut microbiome,Faecal,Faecal,SRX10981632,Sweden,Europe,Sweden,Homo sapiens,Illumina MiSeq,56.04 N 12.72 E,cel117,PAIRED,PCR,METAGENOMIC,gut metagenome,ILLUMINA,2021-06-25T00:00:00Z,2021-05-28T11:45:00Z,2,39C,SRP321288
SRR14642432,AMPLICON,600,55749739,PRJNA732664,SAMN19330909,"MIMARKS.survey,MIGS/MIMS/MIMARKS.human-gut",35153653,LUND UNIVERSITY,2014-08-26,public,"run.zq,sra","s3,gs,ncbi","s3.us-east-1,gs.us-east1,ncbi.public",Gut microbiome,Faecal,Faecal,SRX10981631,Sweden,Europe,Sweden,Homo sapiens,Illumina MiSeq,56.04 N 12.72 E,cel116,PAIRED,PCR,METAGENOMIC,gut metagenome,ILLUMINA,2021-06-25T00:00:00Z,2021-05-28T11:45:00Z,2,39B,SRP321288
SRR14642433,AMPLICON,600,87522422,PRJNA732664,SAMN19330908,"MIMARKS.survey,MIGS/MIMS/MIMARKS.human-gut",55926699,LUND UNIVERSITY,2014-05-25,public,"sra,run.zq","ncbi,gs,s3","gs.us-east1,ncbi.public,s3.us-east-1",Gut microbiome,Faecal,Faecal,SRX10981630,Sweden,Europe,Sweden,Homo sapiens,Illumina MiSeq,56.04 N 12.72 E,cel115,PAIRED,PCR,METAGENOMIC,gut metagenome,ILLUMINA,2021-06-25T00:00:00Z,2021-05-28T11:44:00Z,2,39A,SRP321288
SRR14642434,AMPLICON,600,42367683,PRJNA732664,SAMN19330907,"MIMARKS.survey,MIGS/MIMS/MIMARKS.human-gut",27252209,LUND UNIVERSITY,2015-02-19,public,"run.zq,sra","ncbi,gs,s3","ncbi.public,s3.us-east-1,gs.us-east1",Gut microbiome,Faecal,Faecal,SRX10981629,Sweden,Europe,Sweden,Homo sapiens,Illumina MiSeq,56.02 N 14.14 E,cel114,PAIRED,PCR,METAGENOMIC,gut metagenome,ILLUMINA,2021-06-25T00:00:00Z,2021-05-28T11:42:00Z,2,38C,SRP321288
SRR14642435,AMPLICON,600,42979662,PRJNA732664,SAMN19330906,"MIMARKS.survey,MIGS/MIMS/MIMARKS.human-gut",27779392,LUND UNIVERSITY,2014-11-08,public,"sra,run.zq","ncbi,s3,gs","ncbi.public,gs.us-east1,s3.us-east-1",Gut microbiome,Faecal,Faecal,SRX10981628,Sweden,Europe,Sweden,Homo sapiens,Illumina MiSeq,56.02 N 14.14 E,cel113,PAIRED,PCR,METAGENOMIC,gut metagenome,ILLUMINA,2021-06-25T00:00:00Z,2021-05-28T11:43:00Z,2,38B,SRP321288
SRR14642436,AMPLICON,600,84959721,PRJNA732664,SAMN19330905,"MIMARKS.survey,MIGS/MIMS/MIMARKS.human-gut",54711771,LUND UNIVERSITY,2014-08-10,public,"sra,run.zq","ncbi,s3,gs","ncbi.public,gs.us-east1,s3.us-east-1",Gut microbiome,Faecal,Faecal,SRX10981627,Sweden,Europe,Sweden,Homo sapiens,Illumina MiSeq,56.02 N 14.14 E,cel112,PAIRED,PCR,METAGENOMIC,gut metagenome,ILLUMINA,2021-06-25T00:00:00Z,2021-05-28T11:48:00Z,2,38A,SRP321288
SRR14642437,AMPLICON,600,33737430,PRJNA732664,SAMN19330904,"MIMARKS.survey,MIGS/MIMS/MIMARKS.human-gut",21169125,LUND UNIVERSITY,2014-04-18,public,"run.zq,sra","gs,ncbi,s3","gs.us-east1,s3.us-east-1,ncbi.public",Gut microbiome,Faecal,Faecal,SRX10981626,Sweden,Europe,Sweden,Homo sapiens,Illumina MiSeq,56.02 N 14.14 E,cel111,PAIRED,PCR,METAGENOMIC,gut metagenome,ILLUMINA,2021-06-25T00:00:00Z,2021-05-28T11:46:00Z,2,37C,SRP321288
SRR14642438,AMPLICON,600,57161808,PRJNA732664,SAMN19330805,"MIMARKS.survey,MIGS/MIMS/MIMARKS.human-gut",36192470,LUND UNIVERSITY,2012-11-25,public,"run.zq,sra","gs,ncbi,s3","s3.us-east-1,ncbi.public,gs.us-east1",Gut microbiome,Faecal,Faecal,SRX10981625,Sweden,Europe,Sweden,Homo sapiens,Illumina MiSeq,56.04 N 12.72 E,cel12,PAIRED,PCR,METAGENOMIC,gut metagenome,ILLUMINA,2021-06-25T00:00:00Z,2021-05-28T11:46:00Z,2,4C,SRP321288
SRR14642439,AMPLICON,600,46035430,PRJNA732664,SAMN19330903,"MIMARKS.survey,MIGS/MIMS/MIMARKS.human-gut",29990872,LUND UNIVERSITY,2014-12-19,public,"sra,run.zq","ncbi,gs,s3","s3.us-east-1,ncbi.public,gs.us-east1",Gut microbiome,Faecal,Faecal,SRX10981624,Sweden,Europe,Sweden,Homo sapiens,Illumina MiSeq,56.02 N 14.14 E,cel110,PAIRED,PCR,METAGENOMIC,gut metagenome,ILLUMINA,2021-06-25T00:00:00Z,2021-05-28T11:43:00Z,2,37B,SRP321288
SRR14642440,AMPLICON,600,56421513,PRJNA732664,SAMN19330902,"MIMARKS.survey,MIGS/MIMS/MIMARKS.human-gut",35647913,LUND UNIVERSITY,2014-10-04,public,"run.zq,sra","ncbi,gs,s3","gs.us-east1,ncbi.public,s3.us-east-1",Gut microbiome,Faecal,Faecal,SRX10981623,Sweden,Europe,Sweden,Homo sapiens,Illumina MiSeq,56.02 N 14.14 E,cel109,PAIRED,PCR,METAGENOMIC,gut metagenome,ILLUMINA,2021-06-25T00:00:00Z,2021-05-28T11:46:00Z,2,37A,SRP321288
SRR14642441,AMPLICON,600,53897565,PRJNA732664,SAMN19330901,"MIMARKS.survey,MIGS/MIMS/MIMARKS.human-gut",34094362,LUND UNIVERSITY,2014-04-15,public,"run.zq,sra","s3,ncbi,gs","s3.us-east-1,gs.us-east1,ncbi.public",Gut microbiome,Faecal,Faecal,SRX10981622,Sweden,Europe,Sweden,Homo sapiens,Illumina MiSeq,56.02 N 14.14 E,cel108,PAIRED,PCR,METAGENOMIC,gut metagenome,ILLUMINA,2021-06-25T00:00:00Z,2021-05-28T11:44:00Z,2,36C,SRP321288
SRR14642442,AMPLICON,600,53507803,PRJNA732664,SAMN19330900,"MIMARKS.survey,MIGS/MIMS/MIMARKS.human-gut",33609504,LUND UNIVERSITY,missing,public,"sra,run.zq","ncbi,s3,gs","ncbi.public,s3.us-east-1,gs.us-east1",Gut microbiome,Faecal,Faecal,SRX10981621,Sweden,Europe,Sweden,Homo sapiens,Illumina MiSeq,56.02 N 14.14 E,cel107,PAIRED,PCR,METAGENOMIC,gut metagenome,ILLUMINA,2021-06-25T00:00:00Z,2021-05-28T11:45:00Z,2,36B,SRP321288
SRR14642443,AMPLICON,600,50044545,PRJNA732664,SAMN19330899,"MIMARKS.survey,MIGS/MIMS/MIMARKS.human-gut",32109220,LUND UNIVERSITY,2013-10-26,public,"run.zq,sra","ncbi,s3,gs","s3.us-east-1,ncbi.public,gs.us-east1",Gut microbiome,Faecal,Faecal,SRX10981620,Sweden,Europe,Sweden,Homo sapiens,Illumina MiSeq,56.02 N 14.14 E,cel106,PAIRED,PCR,METAGENOMIC,gut metagenome,ILLUMINA,2021-06-25T00:00:00Z,2021-05-28T11:43:00Z,2,36A,SRP321288
SRR14642444,AMPLICON,600,58999657,PRJNA732664,SAMN19330898,"MIMARKS.survey,MIGS/MIMS/MIMARKS.human-gut",38526007,LUND UNIVERSITY,2013-09-09,public,"run.zq,sra","gs,ncbi,s3","gs.us-east1,ncbi.public,s3.us-east-1",Gut microbiome,Faecal,Faecal,SRX10981619,Sweden,Europe,Sweden,Homo sapiens,Illumina MiSeq,56.02 N 14.14 E,cel105,PAIRED,PCR,METAGENOMIC,gut metagenome,ILLUMINA,2021-06-25T00:00:00Z,2021-05-28T11:45:00Z,2,35C,SRP321288
SRR14642445,AMPLICON,600,63088498,PRJNA732664,SAMN19330897,"MIMARKS.survey,MIGS/MIMS/MIMARKS.human-gut",40574579,LUND UNIVERSITY,2013-12-03,public,"sra,run.zq","ncbi,s3,gs","gs.us-east1,ncbi.public,s3.us-east-1",Gut microbiome,Faecal,Faecal,SRX10981618,Sweden,Europe,Sweden,Homo sapiens,Illumina MiSeq,56.02 N 14.14 E,cel104,PAIRED,PCR,METAGENOMIC,gut metagenome,ILLUMINA,2021-06-25T00:00:00Z,2021-05-28T11:47:00Z,2,35B,SRP321288
SRR14642446,AMPLICON,600,64746868,PRJNA732664,SAMN19330896,"MIMARKS.survey,MIGS/MIMS/MIMARKS.human-gut",41635948,LUND UNIVERSITY,2013-09-16,public,"run.zq,sra","ncbi,gs,s3","gs.us-east1,ncbi.public,s3.us-east-1",Gut microbiome,Faecal,Faecal,SRX10981617,Sweden,Europe,Sweden,Homo sapiens,Illumina MiSeq,56.02 N 14.14 E,cel103,PAIRED,PCR,METAGENOMIC,gut metagenome,ILLUMINA,2021-06-25T00:00:00Z,2021-05-28T11:44:00Z,2,35A,SRP321288
SRR14642447,AMPLICON,600,64638438,PRJNA732664,SAMN19330895,"MIMARKS.survey,MIGS/MIMS/MIMARKS.human-gut",41193369,LUND UNIVERSITY,2012-11-27,public,"sra,run.zq","gs,ncbi,s3","gs.us-east1,s3.us-east-1,ncbi.public",Gut microbiome,Faecal,Faecal,SRX10981616,Sweden,Europe,Sweden,Homo sapiens,Illumina MiSeq,55.61 N 13.03 E,cel102,PAIRED,PCR,METAGENOMIC,gut metagenome,ILLUMINA,2021-06-25T00:00:00Z,2021-05-28T11:43:00Z,2,34C,SRP321288
SRR14642448,AMPLICON,600,53439427,PRJNA732664,SAMN19330894,"MIMARKS.survey,MIGS/MIMS/MIMARKS.human-gut",33852371,LUND UNIVERSITY,2012-09-13,public,"run.zq,sra","gs,s3,ncbi","ncbi.public,s3.us-east-1,gs.us-east1",Gut microbiome,Faecal,Faecal,SRX10981615,Sweden,Europe,Sweden,Homo sapiens,Illumina MiSeq,55.61 N 13.03 E,cel101,PAIRED,PCR,METAGENOMIC,gut metagenome,ILLUMINA,2021-06-25T00:00:00Z,2021-05-28T11:46:00Z,2,34B,SRP321288
SRR14642449,AMPLICON,600,85622544,PRJNA732664,SAMN19330804,"MIMARKS.survey,MIGS/MIMS/MIMARKS.human-gut",54197337,LUND UNIVERSITY,2012-08-26,public,"run.zq,sra","ncbi,gs,s3","s3.us-east-1,ncbi.public,gs.us-east1",Gut microbiome,Faecal,Faecal,SRX10981614,Sweden,Europe,Sweden,Homo sapiens,Illumina MiSeq,56.04 N 12.72 E,cel11,PAIRED,PCR,METAGENOMIC,gut metagenome,ILLUMINA,2021-06-25T00:00:00Z,2021-05-28T11:46:00Z,2,4B,SRP321288
SRR14642450,AMPLICON,600,70804547,PRJNA732664,SAMN19330795,"MIMARKS.survey,MIGS/MIMS/MIMARKS.human-gut",44195173,LUND UNIVERSITY,2012-07-12,public,"sra,run.zq","s3,gs,ncbi","gs.us-east1,ncbi.public,s3.us-east-1",Gut microbiome,Faecal,Faecal,SRX10981613,Sweden,Europe,Sweden,Homo sapiens,Illumina MiSeq,56.04 N 12.72 E,cel2,PAIRED,PCR,METAGENOMIC,gut metagenome,ILLUMINA,2021-06-25T00:00:00Z,2021-05-28T11:47:00Z,2,1B,SRP321288
SRR14642451,AMPLICON,600,50240894,PRJNA732664,SAMN19330794,"MIMARKS.survey,MIGS/MIMS/MIMARKS.human-gut",32794487,LUND UNIVERSITY,2012-04-15,public,"run.zq,sra","s3,gs,ncbi","gs.us-east1,ncbi.public,s3.us-east-1",Gut microbiome,Faecal,Faecal,SRX10981612,Sweden,Europe,Sweden,Homo sapiens,Illumina MiSeq,56.04 N 12.72 E,cel1,PAIRED,PCR,METAGENOMIC,gut metagenome,ILLUMINA,2021-06-25T00:00:00Z,2021-05-28T11:44:00Z,2,1A,SRP321288
